title,price,brand,source,link,image,search_query,page,is_gaming,date_scraped
HP ProBook 445R G6 AMD Ryzen 5 3500U RAM 8Go DDR4 256Gb SSD AZERTY - REMIS A NEUF,289000,HP,Jumia,https://www.jumia.ma/generic-hp-probook-445r-g6-amd-ryzen-5-3500u-ram-8go-ddr4-256gb-ssd-azerty-remis-a-neuf-67400136.html,https://ma.jumia.is/unsafe/fit-in/300x300/filters:fill(white)/product/63/100476/1.jpg?5926,hp,1,False,2026-04-18 13:13:11
Hp PC PORTABLE HP ELITEBOOK 840 G5 8ÉME GÉN-CORE I5-8Go-256 Go SSD-Remise à neuf,299900,Hp,Jumia,https://www.jumia.ma/hp-pc-portable-hp-elitebook-840-g5-8eme-gen-core-i5-8go-256-go-ssd-remise-a-neuf-56142409.html,https://ma.jumia.is/unsafe/fit-in/300x300/filters:fill(white)/product/90/424165/1.jpg?6248,hp,1,False,2026-04-18 13:13:11
Hp PC PORTABLE HP 450 G3 6EME GEN-I7-RAM 8G-256 SSD-REMIS A NEUF - AZERTY,489900,Hp,Jumia,https://www.jumia.ma/hp-pc-portable-hp-450-g3-6eme-gen-i7-ram-8g-256-ssd-remis-a-neuf-azerty-60053601.html,https://ma.jumia.is/unsafe/fit-in/300x300/filters:fill(white)/product/10/635006/1.jpg?9337,hp,1,False,2026-04-18 13:13:11
Hp PC PORTABLE EliteBook 840-CORE INTEL i5-RAM 8Go- 256Go SSD -garantie de 6 mois - remise à neuf,199900,Hp,Jumia,https://www.jumia.ma/pc-portable-elitebook-840-core-intel-i5-ram-8go-256go-ssd-garantie-de-6-mois-remise-a-neuf-hp-mpg1555183.html,https://ma.jumia.is/unsafe/fit-in/300x300/filters:fill(white)/product/11/222576/1.jpg?7028,hp,1,False,2026-04-18 13:13:11
Hp PC Portable ELITEBOOK X360 G3 I7-8éme -16GB- 256GB SSD-TACTILE-AZERTY-REMIS À NEUF,699900,Hp,Jumia,https://www.jumia.ma/hp-pc-portable-elitebook-x360-g3-i7-8eme-16gb-256gb-ssd-tactile-azerty-remis-a-neuf-64719925.html,https://ma.jumia.is/unsafe/fit-in/300x300/filters:fill(white)/product/52/991746/1.jpg?4087,hp,1,False,2026-04-18 13:13:11
Hp PC Portable ELITEBOOK X360 G3 I5-8éme -16GB- 512GB SSD - TACTILE - REMIS À NEUF,699900,Hp,Jumia,https://www.jumia.ma/hp-pc-portable-elitebook-x360-g3-i5-8eme-16gb-512gb-ssd-tactile-remis-a-neuf-63519524.html,https://ma.jumia.is/unsafe/fit-in/300x300/filters:fill(white)/product/42/591536/1.jpg?4086,hp,1,False,2026-04-18 13:13:11
Hp PC PORTABLE ELITEBOOK 840 5ÉME GÉN-CORE I5-8Go-256 Go SSD -Remis à neuf,189900,Hp,Jumia,https://www.jumia.ma/hp-pc-portable-elitebook-840-5eme-gen-core-i5-8go-256-go-ssd-remis-a-neuf-64120966.html,https://ma.jumia.is/unsafe/fit-in/300x300/filters:fill(white)/product/66/902146/1.jpg?8062,hp,1,False,2026-04-18 13:13:11
Hp PC Portable ELITEBOOK 840 G7 -10810U- 10EME GENERATION -INTEL CORE I5-10éme -8GB- 256GB SSD- FHD - À NEUF/,359900,Hp,Jumia,https://www.jumia.ma/hp-pc-portable-elitebook-840-g7-10810u-10eme-generation-intel-core-i5-10eme-8gb-256gb-ssd-fhd-a-neuf-66115155.html,https://ma.jumia.is/unsafe/fit-in/300x300/filters:fill(white)/product/55/151166/1.jpg?2019,hp,1,False,2026-04-18 13:13:11
"Hp EliteBook X360 G3 - Intel Core i5 - 8Go RAM - 512Go SSD - 13.3"" Tactile - (Remis à Neuf)",999900,Hp,Jumia,https://www.jumia.ma/hp-elitebook-x360-g3-intel-core-i5-8go-ram-512go-ssd-13.3-tactile-remis-a-neuf-61942802.html,https://ma.jumia.is/unsafe/fit-in/300x300/filters:fill(white)/product/20/824916/1.jpg?0373,hp,1,False,2026-04-18 13:13:11
Hp PC Portable ELITEBOOK 840 G7 -10810U -INTEL CORE I5-10éme -16GB- 256GB SSD- FHD - À NEUF/,369900,Hp,Jumia,https://www.jumia.ma/hp-pc-portable-elitebook-840-g7-10810u-intel-core-i5-10eme-16gb-256gb-ssd-fhd-a-neuf-65843842.html,https://ma.jumia.is/unsafe/fit-in/300x300/filters:fill(white)/product/24/834856/1.jpg?9387,hp,1,False,2026-04-18 13:13:11
"Hp PC Chromebook 14-db0023dx - 14"" HD - AMD A4-9120C - 4GB-32GB eMMC-REMIS A NEUF",329900,Hp,Jumia,https://www.jumia.ma/hp-pc-chromebook-14-db0023dx-14-hd-amd-a4-9120c-4gb-32gb-emmc-remis-a-neuf-62648011.html,https://ma.jumia.is/unsafe/fit-in/300x300/filters:fill(white)/product/11/084626/1.jpg?4011,hp,1,False,2026-04-18 13:13:11
Hp PC Portable ELITEBOOK 840 G8 - INTEL CORE I7-11ème GÉNÉRATION - 32GB - 512GB SSD - FHD - À NEUF,629900,Hp,Jumia,https://www.jumia.ma/pc-portable-elitebook-840-g8-intel-core-i7-11eme-generation-32gb-512gb-ssd-fhd-a-neuf-hp-mpg1536305.html,https://ma.jumia.is/unsafe/fit-in/300x300/filters:fill(white)/product/79/276276/1.jpg?0162,hp,1,False,2026-04-18 13:13:11
Hp PC Portable ELITEBOOK X360 G2 I5-7éme -8GB- 256GB SSD - TACTILE -REMIS À NEUF/,599900,Hp,Jumia,https://www.jumia.ma/hp-pc-portable-elitebook-x360-g2-i5-7eme-8gb-256gb-ssd-tactile-remis-a-neuf-61470373.html,https://ma.jumia.is/unsafe/fit-in/300x300/filters:fill(white)/product/37/307416/1.jpg?4087,hp,2,False,2026-04-18 13:13:14
Hp ELITEBOOK 840 G5 8ÉME GÉN-CORE i5-16Go-512 Go SSD-GARANTIE DE SIX MOIS-Remis à neuf,339900,Hp,Jumia,https://www.jumia.ma/hp-elitebook-840-g5-8eme-gen-core-i5-16go-512-go-ssd-garantie-de-six-mois-remis-a-neuf-67176355.html,https://ma.jumia.is/unsafe/fit-in/300x300/filters:fill(white)/product/55/367176/1.jpg?8577,hp,2,False,2026-04-18 13:13:14
"Hp OMEN 16 - c0043ns AMD Ryzen 7 5800H 16 Go 512 Go SSD RX 6600M 16,1""",1845400,Hp,Jumia,https://www.jumia.ma/hp-omen-16-c0043ns-amd-ryzen-7-5800h-16-go-512-go-ssd-rx-6600m-161-65771977.html,https://ma.jumia.is/unsafe/fit-in/300x300/filters:fill(white)/product/77/917756/1.jpg?8925,hp,2,False,2026-04-18 13:13:14
Hp 3Com elitebook i7 8th gen 16gb ram 256 gb ssd,650000,Hp,Jumia,https://www.jumia.ma/hp-3com-elitebook-i7-8th-gen-16gb-ram-256-gb-ssd-67618341.html,https://ma.jumia.is/unsafe/fit-in/300x300/filters:fill(white)/product/14/381676/1.jpg?3071,hp,2,False,2026-04-18 13:13:14
"Hp PC Portable Probook 640 Core intel i5-500Go-RAM 8GB 14""- remis a neuf",199900,Hp,Jumia,https://www.jumia.ma/hp-pc-portable-probook-640-core-intel-i5-500go-ram-8gb-14-remis-a-neuf-62940546.html,https://ma.jumia.is/unsafe/fit-in/300x300/filters:fill(white)/product/64/504926/1.jpg?8055,hp,2,False,2026-04-18 13:13:14
"Hp Chromebook  11A G5  - 12"" HD - Intel Celeron N3060 - 4GB-16 GB eMMC-REMIS A NEUF",219900,Hp,Jumia,https://www.jumia.ma/hp-chromebook-11a-g5-12-hd-intel-celeron-n3060-4gb-16-gb-emmc-remis-a-neuf-67581303.html,https://ma.jumia.is/unsafe/fit-in/300x300/filters:fill(white)/product/30/318576/1.jpg?9652,hp,2,False,2026-04-18 13:13:14
Omen HP Pochette pour accessoires PC poches organisateur imperméable et robuste,12500,Omen,Jumia,https://www.jumia.ma/omen-hp-pochette-pour-accessoires-pc-poches-organisateur-impermeable-et-robuste-64150021.html,https://ma.jumia.is/unsafe/fit-in/300x300/filters:fill(white)/product/12/005146/1.jpg?9515,hp,2,False,2026-04-18 13:13:14
Hp EliteBook 840 G9 – Intel Core i5-1245U – 16Go RAM – 256Go SSD NVMe – Intel UHD Graphics (Occasion comme neuf),465000,Hp,Jumia,https://www.jumia.ma/hp-elitebook-840-g9-intel-core-i5-1245u-16go-ram-256go-ssd-nvme-intel-uhd-graphics-occasion-comme-neuf-67722528.html,https://ma.jumia.is/unsafe/fit-in/300x300/filters:fill(white)/product/82/522776/1.jpg?0638,hp,2,False,2026-04-18 13:13:14
Hp EliteBook 840 G10 – Intel Core i7-1365U – 32Go RAM – 512Go SSD PCIe 4.0 – Intel Iris Xe Graphics (Occasion comme neuf),815000,Hp,Jumia,https://www.jumia.ma/hp-elitebook-840-g10-intel-core-i7-1365u-32go-ram-512go-ssd-pcie-4.0-intel-iris-xe-graphics-occasion-comme-neuf-67723314.html,https://ma.jumia.is/unsafe/fit-in/300x300/filters:fill(white)/product/41/332776/1.jpg?4103,hp,2,False,2026-04-18 13:13:14
Hp Pc Portable Elitebook X360 G2 I5-7éme -16GB- 256GB SSD - Tactile - Remis À Neuf,359900,Hp,Jumia,https://www.jumia.ma/hp-pc-portable-elitebook-x360-g2-i5-7eme-16gb-256gb-ssd-tactile-remis-a-neuf-61470395.html,https://ma.jumia.is/unsafe/fit-in/300x300/filters:fill(white)/product/59/307416/1.jpg?7961,hp,2,False,2026-04-18 13:13:14
"Hp 250 G9 Pc portable Intel® Core™ i3-1215U - 4Go - 256Go SSD - FreeDOS - 15.6"" - AZERTY",399900,Hp,Jumia,https://www.jumia.ma/hp-250-g9-pc-portable-intelr-coretm-i3-1215u-4go-256go-ssd-freedos-15.6-azerty-65849800.html,https://ma.jumia.is/unsafe/fit-in/300x300/filters:fill(white)/product/00/894856/1.jpg?6265,hp,2,False,2026-04-18 13:13:14
"Hp PC Portable Probook 640 Core i5 8eme 500Gb 4GB RAM 14""- remis a neuf",199900,Hp,Jumia,https://www.jumia.ma/hp-pc-portable-probook-640-core-i5-8eme-500gb-4gb-ram-14-remis-a-neuf-60840077.html,https://ma.jumia.is/unsafe/fit-in/300x300/filters:fill(white)/product/77/004806/1.jpg?8059,hp,2,False,2026-04-18 13:13:14
Hp PC Portable ELITEBOOK X360 G3 I5-8éme -8GB- 512GB SSD - TACTILE -REMIS À NEUF/,369900,Hp,Jumia,https://www.jumia.ma/hp-pc-portable-elitebook-x360-g3-i5-8eme-8gb-512gb-ssd-tactile-remis-a-neuf-65694806.html,https://ma.jumia.is/unsafe/fit-in/300x300/filters:fill(white)/product/60/849656/1.jpg?3757,hp,2,False,2026-04-18 13:13:14
"Hp PC Portable  Probook 640 Core i5 4eme 320Gb 8GB RAM 14""- remis a neuf",199900,Hp,Jumia,https://www.jumia.ma/hp-pc-portable-probook-640-core-i5-4eme-320gb-8gb-ram-14-remis-a-neuf-62037617.html,https://ma.jumia.is/unsafe/fit-in/300x300/filters:fill(white)/product/71/673026/1.jpg?1544,hp,2,False,2026-04-18 13:13:14
Hp ELITEBOOK 840 G5 8ÉME GÉN-CORE i5-8Go-256 Go SSD-GARANTIE DE SIX MOIS-Remis à neuf,299900,Hp,Jumia,https://www.jumia.ma/hp-elitebook-840-g5-8eme-gen-core-i5-8go-256-go-ssd-garantie-de-six-mois-remis-a-neuf-67176572.html,https://ma.jumia.is/unsafe/fit-in/300x300/filters:fill(white)/product/27/567176/1.jpg?8638,hp,2,False,2026-04-18 13:13:14
Hp EliteBook 840 G9 – Intel Core i7-1265U – 32Go RAM – 512Go SSD – Intel Iris Xe Graphics (Occasion comme neuf),718000,Hp,Jumia,https://www.jumia.ma/hp-elitebook-840-g9-intel-core-i7-1265u-32go-ram-512go-ssd-intel-iris-xe-graphics-occasion-comme-neuf-67722721.html,https://ma.jumia.is/unsafe/fit-in/300x300/filters:fill(white)/product/12/722776/1.jpg?1540,hp,2,False,2026-04-18 13:13:14
Hp EliteBook x360 1040 G11 Ultra 5 135u 16GB 256G SSD,1841000,Hp,Jumia,https://www.jumia.ma/hp-elitebook-x360-1040-g11-ultra-5-135u-16gb-256g-ssd-67524361.html,https://ma.jumia.is/unsafe/fit-in/300x300/filters:fill(white)/product/16/342576/1.jpg?9100,hp,3,False,2026-04-18 13:13:18
"Hp PC Portable  Probook 640 Core i3 4eme 500Gb 8GB RAM 14""- remis a neuf",199900,Hp,Jumia,https://www.jumia.ma/pc-portable-probook-640-core-i3-4eme-500gb-8gb-ram-14-remis-a-neuf-hp-mpg1413179.html,https://ma.jumia.is/unsafe/fit-in/300x300/filters:fill(white)/product/54/365536/1.jpg?4563,hp,3,False,2026-04-18 13:13:18
Hp PC Portable ELITEBOOK 840 G7 -10810U- 10EME GENERATION -INTEL CORE I5-10éme -16GB- 512GB SSD- FHD - Remis à neuf,399900,Hp,Jumia,https://www.jumia.ma/hp-pc-portable-elitebook-840-g7-10810u-10eme-generation-intel-core-i5-10eme-16gb-512gb-ssd-fhd-remis-a-neuf-66115193.html,https://ma.jumia.is/unsafe/fit-in/300x300/filters:fill(white)/product/39/151166/1.jpg?0001,hp,3,False,2026-04-18 13:13:18
Hp PC PORTABLE  ProBook 6470B-INTEL i3- RAM 4Go-250Go- REMIS A NEUF,169900,Hp,Jumia,https://www.jumia.ma/hp-pc-portable-probook-6470b-intel-i3-ram-4go-250go-remis-a-neuf-58543626.html,https://ma.jumia.is/unsafe/fit-in/300x300/filters:fill(white)/product/62/634585/1.jpg?0010,hp,3,False,2026-04-18 13:13:18
Hp PC Portable ELITEBOOK X360 G7-1040 -10810U -INTEL CORE I5-10éme -8GB- 256GB SSD- FHD Rotation Tactile- À NEUF/,369900,Hp,Jumia,https://www.jumia.ma/hp-pc-portable-elitebook-x360-g7-1040-10810u-intel-core-i5-10eme-8gb-256gb-ssd-fhd-rotation-tactile-a-neuf-65842603.html,https://ma.jumia.is/unsafe/fit-in/300x300/filters:fill(white)/product/30/624856/1.jpg?5265,hp,3,False,2026-04-18 13:13:18
"Hp  EliteBook 850 G6 i5 8 th Gen 8 RAM 256 SSD 15,6 PUCE REMIS A NEUF",289900,Hp,Jumia,https://www.jumia.ma/hp-elitebook-850-g6-i5-8-th-gen-8-ram-256-ssd-156-puce-remis-a-neuf-67190573.html,https://ma.jumia.is/unsafe/fit-in/300x300/filters:fill(white)/product/37/509176/1.jpg?9463,hp,4,False,2026-04-18 13:13:23
Hp EliteBook x360 435 G8 – Ryzen 7 Pro 5850U – 16Go RAM – 512Go SSD – Radeon Graphics (Remis à neuf),428000,Hp,Jumia,https://www.jumia.ma/generic-hp-elitebook-x360-435-g8-ryzen-7-pro-5850u-16go-ram-512go-ssd-radeon-graphics-remis-a-neuf-67412771.html,https://ma.jumia.is/unsafe/fit-in/300x300/filters:fill(white)/product/17/721476/1.jpg?6519,hp,4,False,2026-04-18 13:13:23
Pc HP EliteBook 840 G10 - Intel i7-1355U - 16 Go - SSD 512 Go - 14-inch LED Full HD+ - Remis à Neuf,729900,Pc,Jumia,https://www.jumia.ma/pc-hp-elitebook-840-g10-intel-i7-1355u-16-go-ssd-512-go-14-inch-led-full-hd-remis-a-neuf-67526763.html,https://ma.jumia.is/unsafe/fit-in/300x300/filters:fill(white)/product/36/762576/1.jpg?9101,hp,4,False,2026-04-18 13:13:23
Pc HP Pro Mini 400 G9 Desktop - Intel Core i5-12500T - Ram : 8GB - SSD 256GB - Remis à Neuf,439900,Pc,Jumia,https://www.jumia.ma/pc-hp-pro-mini-400-g9-desktop-intel-core-i5-12500t-ram-8gb-ssd-256gb-remis-a-neuf-67535101.html,https://ma.jumia.is/unsafe/fit-in/300x300/filters:fill(white)/product/10/153576/1.jpg?9789,hp,4,False,2026-04-18 13:13:23
"Hp PC Portable HP EliteBook 840 G1 Core i5 4eme 14"" remis a neuf",215000,Hp,Jumia,https://www.jumia.ma/hp-pc-portable-hp-elitebook-840-g1-core-i5-4eme-14-remis-a-neuf-27121676.html,https://ma.jumia.is/unsafe/fit-in/300x300/filters:fill(white)/product/67/612172/1.jpg?2932,hp,4,False,2026-04-18 13:13:23
Hp  ELITEBOOK 745 G6 - 14 FULL HD AMD RYZEN 7 PRO 3700U 16 GO DDR4 256 GO SSD ARGENT -RECONDITIONNÉE,299900,Hp,Jumia,https://www.jumia.ma/hp-elitebook-745-g6-14-full-hd-amd-ryzen-7-pro-3700u-16-go-ddr4-256-go-ssd-argent-reconditionnee-67217753.html,https://ma.jumia.is/unsafe/fit-in/300x300/filters:fill(white)/product/35/771276/1.jpg?3973,hp,5,False,2026-04-18 13:13:26
Lenovo Pack Étudiant & Télétravail - ThinkPad L13 Gen1 Core i5 10th Gen - 8Go RAM - 256Go SSD + Imprimante HP DeskJet 2876 WiFi,299900,Lenovo,Jumia,https://www.jumia.ma/lenovo-pack-etudiant-teletravail-thinkpad-l13-gen1-core-i5-10th-gen-8go-ram-256go-ssd-imprimante-hp-deskjet-2876-wifi-67696838.html,https://ma.jumia.is/unsafe/fit-in/300x300/filters:fill(white)/product/83/869676/1.jpg?4721,hp,5,False,2026-04-18 13:13:27
Pc HP Portable ProBook x360 435 G8 Ryzen 7 Pro 5850U RAM 16Go DDR4 512Gb SSD QWERTY Tactile - REMIS A NEUF,420000,Pc,Jumia,https://www.jumia.ma/pc-hp-portable-probook-x360-435-g8-ryzen-7-pro-5850u-ram-16go-ddr4-512gb-ssd-qwerty-tactile-remis-a-neuf-67712898.html,https://ma.jumia.is/unsafe/fit-in/300x300/filters:fill(white)/product/89/821776/1.jpg?4936,hp,5,False,2026-04-18 13:13:27
Hp PC BUREAU 400G2.5 CORE i3 4éme Génération 8Go RAM 250Go SSD  -REMIS A NEUF,109900,Hp,Jumia,https://www.jumia.ma/hp-pc-bureau-400g2.5-core-i3-4eme-generation-8go-ram-250go-ssd-remis-a-neuf-57074967.html,https://ma.jumia.is/unsafe/fit-in/300x300/filters:fill(white)/product/76/947075/1.jpg?9838,hp,6,False,2026-04-18 13:13:30
Hp EliteBook 830 - G5 - Core i5 - 8 Go RAM DDR4 - 256 Go SSD - Remis à Neuf,269900,Hp,Jumia,https://www.jumia.ma/hp-elitebook-830-g5-core-i5-8-go-ram-ddr4-256-go-ssd-remis-a-neuf-52740185.html,https://ma.jumia.is/unsafe/fit-in/300x300/filters:fill(white)/product/58/104725/1.jpg?9627,hp,6,False,2026-04-18 13:13:30
Pc HP Pro Mini 400 G9 Desktop - Intel Core i5-13500 - Ram : 16GB - SSD 256GB - Remis à Neuf,469900,Pc,Jumia,https://www.jumia.ma/pc-hp-pro-mini-400-g9-desktop-intel-core-i5-13500-ram-16gb-ssd-256gb-remis-a-neuf-67653585.html,https://ma.jumia.is/unsafe/fit-in/300x300/filters:fill(white)/product/58/535676/1.jpg?9323,hp,6,False,2026-04-18 13:13:31
Hp EliteBook 840 14Pouce G3 Core I5 6eme Grd 16Go DDR4-256 M.2 SSD Remis a Neuf,225000,Hp,Jumia,https://www.jumia.ma/elitebook-840-14pouce-g3-core-i5-6eme-grd-8go-ddr4-256-m.2-ssd-remis-a-neuf-hp-mpg1413158.html,https://ma.jumia.is/unsafe/fit-in/300x300/filters:fill(white)/product/88/948213/6.jpg?2049,hp,6,False,2026-04-18 13:13:31
"Hewlett Packard Ordinateur i7 portable HP 15-dw4002nk (6L9J9EA) 12ème jusqu’à 4,7 GHz Nouveau de haute Qualité",779900,Hewlett,Jumia,https://www.jumia.ma/hewlett-packard-ordinateur-i7-portable-hp-15-dw4002nk-6l9j9ea-12eme-jusqua-47-ghz-nouveau-de-haute-qualite-67396576.html,https://ma.jumia.is/unsafe/fit-in/300x300/filters:fill(white)/product/67/569376/1.jpg?6216,hp,6,False,2026-04-18 13:13:31
Hp EliteBook 840 – 14” – Core i5 – 16GB RAM – 512GB SSD (Remis à neuf),495000,Hp,Jumia,https://www.jumia.ma/hp-elitebook-840-14-core-i5-16gb-ram-512gb-ssd-remis-a-neuf-54264156.html,https://ma.jumia.is/unsafe/fit-in/300x300/filters:fill(white)/product/65/146245/1.jpg?1253,hp,6,False,2026-04-18 13:13:31
Intel HP 800 G3 Mini PC i5 6ème - 8Go DDR4 - 256Go SSD Remis à Neuf,149900,Intel,Jumia,https://www.jumia.ma/intel-hp-800-g3-mini-pc-i5-6eme-8go-ddr4-256go-ssd-remis-a-neuf-67172965.html,https://ma.jumia.is/unsafe/fit-in/300x300/filters:fill(white)/product/56/927176/1.jpg?1819,hp,6,False,2026-04-18 13:13:31
Hp Probook 640 G1 Core i5 4eme 500Gb 4GB remis a neuf GRADE A+,205000,Hp,Jumia,https://www.jumia.ma/probook-640-g1-core-i5-4eme-500gb-4gb-remis-a-neuf-grade-a-hp-mpg90888.html,https://ma.jumia.is/unsafe/fit-in/300x300/filters:fill(white)/product/17/599582/1.jpg?0947,hp,7,False,2026-04-18 13:13:34
Pc HP EliteBook 840 G11 - Intel Core Ultra 5 125U - 16GB - SSD 512GB - 14-inch LED Full HD - Remis à Neuf,759900,Pc,Jumia,https://www.jumia.ma/pc-hp-elitebook-840-g11-intel-core-ultra-5-125u-16gb-ssd-512gb-14-inch-led-full-hd-remis-a-neuf-67526738.html,https://ma.jumia.is/unsafe/fit-in/300x300/filters:fill(white)/product/83/762576/1.jpg?7796,hp,7,False,2026-04-18 13:13:34
Hp Ordinateur Portable HP EliteBook 820- i5 - 6ème génération - remise à neuf,490000,Hp,Jumia,https://www.jumia.ma/hp-ordinateur-portable-hp-elitebook-820-i5-6eme-generation-remise-a-neuf-44168078.html,https://ma.jumia.is/unsafe/fit-in/300x300/filters:fill(white)/product/87/086144/1.jpg?5656,hp,7,False,2026-04-18 13:13:34
"Hp PC Portable EliteBook 820 G3 Core i5 6Gén -13"" RAM 16Go 256 SSD -Remis a Neuf",430000,Hp,Jumia,https://www.jumia.ma/pc-portable-elitebook-820-g3-i5-6eme-generation-16go-ram-256go-ssd-remis-a-neuf-qwerty-hp-mpg1413109.html,https://ma.jumia.is/unsafe/fit-in/300x300/filters:fill(white)/product/87/503735/1.jpg?1711,hp,7,False,2026-04-18 13:13:34
Hp Elitebook 840 G4 i5 7ÉME GÉNÉRATION 8G/256G SSD - Remis à neuf,390000,Hp,Jumia,https://www.jumia.ma/hp-elitebook-840-g4-i5-7eme-generation-8g256g-ssd-remis-a-neuf-62061758.html,https://ma.jumia.is/unsafe/fit-in/300x300/filters:fill(white)/product/85/716026/1.jpg?7686,hp,8,False,2026-04-18 13:13:39
Pc HP ProBook 440 G10 - Intel Core i5-1335U - 16GB - SSD 256 GB - 14-inch LED Full HD - Remis à Neuf,570000,Pc,Jumia,https://www.jumia.ma/pc-hp-probook-440-g10-intel-core-i5-1335u-16gb-ssd-256-gb-14-inch-led-full-hd-remis-a-neuf-67529306.html,https://ma.jumia.is/unsafe/fit-in/300x300/filters:fill(white)/product/60/392576/1.jpg?4592,hp,8,False,2026-04-18 13:13:39
"Hp Ordinateur Portable EliteBook 820 - 12.5"" - 16GB + 256 - Intel Core i5 6ème Génération - Windows - Remis à neuf",299900,Hp,Jumia,https://www.jumia.ma/hp-ordinateur-portable-elitebook-820-12.5-16gb-256-intel-core-i5-6eme-generation-windows-remis-a-neuf-41246561.html,https://ma.jumia.is/unsafe/fit-in/300x300/filters:fill(white)/product/16/564214/1.jpg?4474,hp,8,False,2026-04-18 13:13:39
Hp ThinkPad T470 - Core i5 6ème Génération - 8 Go RAM - 256 Go SSD - Remis à Neuf,750000,Hp,Jumia,https://www.jumia.ma/hp-thinkpad-t470-core-i5-6eme-generation-8-go-ram-256-go-ssd-remis-a-neuf-50632288.html,https://ma.jumia.is/unsafe/fit-in/300x300/filters:fill(white)/product/88/223605/1.jpg?1163,hp,8,False,2026-04-18 13:13:39
"Hp PC Portable HP Probook 640 G1 Core i3 4eme 320Gb 4GB RAM 14"" remis a neuf",232700,Hp,Jumia,https://www.jumia.ma/pc-portable-hp-probook-640-g1-core-i3-4eme-320gb-4gb-ram-14-remis-a-neuf-hp-mpg1444226.html,https://ma.jumia.is/unsafe/fit-in/300x300/filters:fill(white)/product/38/849823/1.jpg?7700,hp,9,False,2026-04-18 13:13:42
"Pc HP Elitebook 840 G3 - Intel Core i5 - 8Go RAM -ssd 256Go  - 14"" HD - (Remis à Neuf)",220000,Pc,Jumia,https://www.jumia.ma/pc-hp-elitebook-840-g3-intel-core-i5-8go-ram-ssd-256go-14-hd-remis-a-neuf-67272676.html,https://ma.jumia.is/unsafe/fit-in/300x300/filters:fill(white)/product/67/627276/1.jpg?7308,hp,10,False,2026-04-18 13:13:46
Hp EliteBook 820 G2 – 13” – Core i5 5300U – 8GB RAM – 128GB SSD (Remis à neuf),430000,Hp,Jumia,https://www.jumia.ma/pc-portable-probook-640-g1-core-i3-4eme-generation-ssd128gb-ram-4gb-remis-a-neuf-hp-mpg1413143.html,https://ma.jumia.is/unsafe/fit-in/300x300/filters:fill(white)/product/77/935833/1.jpg?6535,hp,11,False,2026-04-18 13:13:50
Hp PC Gamer - 16GB RAM - SSD 256GB + 500GB - Radeon RX 520 2GB - Gaming léger GTA V & Fortnite,139900,Hp,Jumia,https://www.jumia.ma/hp-pc-gamer-16gb-ram-ssd-256gb-500gb-radeon-rx-520-2gb-gaming-leger-gta-v-fortnite-67640588.html,https://ma.jumia.is/unsafe/fit-in/300x300/filters:fill(white)/product/88/504676/1.jpg?5950,hp,22,True,2026-04-18 13:14:23
Hp PC BUREAU PRODESK 600 G3-Intel Core i5 6ème génération -8Go -256 Go SSD -Remis à neuf,134000,Hp,Jumia,https://www.jumia.ma/hp-pc-bureau-prodesk-600-g3-intel-core-i5-6eme-generation-8go-256-go-ssd-remis-a-neuf-67073436.html,https://ma.jumia.is/unsafe/fit-in/300x300/filters:fill(white)/product/63/437076/1.jpg?6371,hp,23,False,2026-04-18 13:14:27
Hp Ordinateur de bureau 600 G2 i3 6e Gén 8 Go - 500 Go [REMIS A NEUF],74900,Hp,Jumia,https://www.jumia.ma/ordinateur-de-bureau-600-g2-i3-6e-gen-8-go-500-go-remis-a-neuf-hp-mpg1538117.html,https://ma.jumia.is/unsafe/fit-in/300x300/filters:fill(white)/product/02/312456/1.jpg?9864,hp,24,False,2026-04-18 13:14:29
Hp Mini PC Elite Slice Intel® Core™ i5 i5-7500T 8 Go DDR4-SDRAM 128 Go Windows 10 Pro,169000,Hp,Jumia,https://www.jumia.ma/hp-mini-pc-elite-slice-intelr-coretm-i5-i5-7500t-8-go-ddr4-sdram-128-go-windows-10-pro-67604436.html,https://ma.jumia.is/unsafe/fit-in/300x300/filters:fill(white)/product/63/440676/1.jpg?5996,hp,24,False,2026-04-18 13:14:29
Hp PC Portable ELITEBOOK 840 G7 -10310U- 10EME GENERATION -INTEL CORE I5-10éme -16GB- 512GB SSD- FHD - Remis à neuf,430000,Hp,Jumia,https://www.jumia.ma/hp-pc-portable-elitebook-840-g7-10310u-10eme-generation-intel-core-i5-10eme-16gb-512gb-ssd-fhd-remis-a-neuf-67163842.html,https://ma.jumia.is/unsafe/fit-in/300x300/filters:fill(white)/product/24/836176/1.jpg?1362,hp,24,False,2026-04-18 13:14:29
Hp Pc Portable EliteBook 840 G8 i5- 11éme Génération RAM 16Go DDR4 256Gb SSD QWERTY - REMIS A NEUF,375000,Hp,Jumia,https://www.jumia.ma/hp-pc-portable-elitebook-840-g8-i5-11eme-generation-ram-16go-ddr4-256gb-ssd-qwerty-remis-a-neuf-67386169.html,https://ma.jumia.is/unsafe/fit-in/300x300/filters:fill(white)/product/96/168376/1.jpg?6371,hp,24,False,2026-04-18 13:14:29
Hp Mini Pc EliteDesk 800 G3 i5 6éme génération 8Go 256Go SSD - REMIS A NEUF,139000,Hp,Jumia,https://www.jumia.ma/hp-mini-pc-elitedesk-800-g3-i5-6eme-generation-8go-256go-ssd-remis-a-neuf-58198250.html,https://ma.jumia.is/unsafe/fit-in/300x300/filters:fill(white)/product/05/289185/1.jpg?6344,hp,24,False,2026-04-18 13:14:29
Hp EliteBook 840 G5 – 14” – Core i5 8ème Gén – 8GB RAM – 256GB SSD – QWERTY (Remis à neuf),269900,Hp,Jumia,https://www.jumia.ma/hp-elitebook-840-g5-14-core-i5-8eme-gen-8gb-ram-256gb-ssd-qwerty-remis-a-neuf-64228646.html,https://ma.jumia.is/unsafe/fit-in/300x300/filters:fill(white)/product/64/682246/1.jpg?5888,hp,24,False,2026-04-18 13:14:29
Hp PC Portable EliteBook 840 G5 8ème Gén - Tactile - Core i5 - 8Go - 256Go SSD - Garantie de 6 mois - Remis à neuf,399900,Hp,Jumia,https://www.jumia.ma/hp-pc-portable-elitebook-840-g5-8eme-gen-tactile-core-i5-8go-256go-ssd-garantie-de-6-mois-remis-a-neuf-67413347.html,https://ma.jumia.is/unsafe/fit-in/300x300/filters:fill(white)/product/74/331476/1.jpg?4056,hp,24,False,2026-04-18 13:14:29
Hp EliteBook 845 G7 AMD Ryzen™5 Pro 4650U I 16Go I 256Go SSD I Radeon Graphics I 14 FHD Remis à Neuf,319900,Hp,Jumia,https://www.jumia.ma/hp-elitebook-845-g7-amd-ryzentm5-pro-4650u-i-16go-i-256go-ssd-i-radeon-graphics-i-14-fhd-remis-a-neuf-66018835.html,https://ma.jumia.is/unsafe/fit-in/300x300/filters:fill(white)/product/53/881066/1.jpg?9565,hp,25,False,2026-04-18 13:14:33
Hp Elitebook 840 G3 CORE i5 6300u -RAM 16 Go DDR4 - 256GoSSD -Remis a neuf,380000,Hp,Jumia,https://www.jumia.ma/hp-elitebook-840-g3-core-i5-6300u-ram-16-go-ddr4-256gossd-remis-a-neuf-57698222.html,https://ma.jumia.is/unsafe/fit-in/300x300/filters:fill(white)/product/22/289675/1.jpg?4401,hp,26,False,2026-04-18 13:14:35
Hp Pc Portable ProBook x360 435 G8 Ryzen 7 Pro 5850U RAM 16Go DDR4 512Gb SSD QWERTY Tactile - Remis a neuf,700000,Hp,Jumia,https://www.jumia.ma/hp-pc-portable-probook-x360-435-g8-ryzen-7-pro-5850u-ram-16go-ddr4-512gb-ssd-qwerty-tactile-remis-a-neuf-67384706.html,https://ma.jumia.is/unsafe/fit-in/300x300/filters:fill(white)/product/60/748376/1.jpg?1543,hp,26,False,2026-04-18 13:14:35
Hp Mini Pc ProDesk 600 G3 i5 6éme génération 8Go 256Go SSD - Remis à neuf,128000,Hp,Jumia,https://www.jumia.ma/hp-mini-pc-prodesk-600-g3-i5-6eme-generation-8go-256go-ssd-remis-a-neuf-67154709.html,https://ma.jumia.is/unsafe/fit-in/300x300/filters:fill(white)/product/90/745176/1.jpg?7923,hp,26,False,2026-04-18 13:14:35
"Hp Z220 PC Gamer - Intel Xeon E3-1240 V2 3,10 GHz - 8Go DDR3 - 256Go SSD - 500Go SATA - ASUS GTX 1050ti 4 Go DDR5  - Noir- Remis à neuf",630000,Hp,Jumia,https://www.jumia.ma/hp-z220-pc-gamer-intel-xeon-e3-1240-v2-310-ghz-8go-ddr3-256go-ssd-500go-sata-asus-gtx-1050ti-4-go-ddr5-noir-remis-a-neuf-28377358.html,https://ma.jumia.is/unsafe/fit-in/300x300/filters:fill(white)/product/85/377382/1.jpg?0285,hp,26,False,2026-04-18 13:14:35
Hp EliteBook G5 830 I5 8eme RAM 16Go 256Go SSD  14'' FHD Remis à neuf,299900,Hp,Jumia,https://www.jumia.ma/hp-elitebook-g5-830-i5-8eme-ram-16go-256go-ssd-14-fhd-remis-a-neuf-63461153.html,https://ma.jumia.is/unsafe/fit-in/300x300/filters:fill(white)/product/35/116436/1.jpg?7304,hp,26,False,2026-04-18 13:14:35
Hp PC PORTABLE  ELITEBOOK 840 G5 8ÉME GÉN-CORE I5-32Go-512 Go SS-AZERTY-Remise à neuf,379900,Hp,Jumia,https://www.jumia.ma/hp-pc-portable-elitebook-840-g5-8eme-gen-core-i5-32go-512-go-ss-azerty-remise-a-neuf-66965281.html,https://ma.jumia.is/unsafe/fit-in/300x300/filters:fill(white)/product/18/256966/1.jpg?5042,hp,26,False,2026-04-18 13:14:35
Hp PC PORTABLE Elitebook 840 G3 I5 6EME 8G/256GB Remis a Neuf,230000,Hp,Jumia,https://www.jumia.ma/hp-pc-portable-elitebook-840-g3-i5-6eme-8g256gb-remis-a-neuf-41689081.html,https://ma.jumia.is/unsafe/fit-in/300x300/filters:fill(white)/product/18/098614/1.jpg?6344,hp,26,False,2026-04-18 13:14:35
Hp EliteBook 840 G6 I5-8365U 8éme Gén RAM 16Go DDR4 256Gb SSD QWERTY - REMIS A NEUF,350000,Hp,Jumia,https://www.jumia.ma/hp-elitebook-840-g6-i5-8365u-8eme-gen-ram-16go-ddr4-256gb-ssd-qwerty-remis-a-neuf-67001755.html,https://ma.jumia.is/unsafe/fit-in/300x300/filters:fill(white)/product/55/710076/1.jpg?1302,hp,26,False,2026-04-18 13:14:35
Hp PC BUREAU PRODESK 600 G3-Intel Core i5 6EME GENERATION -8Go -256 Go SSD -REMIS A NEUF,129900,Hp,Jumia,https://www.jumia.ma/hp-pc-bureau-prodesk-600-g3-intel-core-i5-6eme-generation-8go-256-go-ssd-remis-a-neuf-66002435.html,https://ma.jumia.is/unsafe/fit-in/300x300/filters:fill(white)/product/53/420066/1.jpg?9167,hp,27,False,2026-04-18 13:14:39
Hp PC PORTABLE ELITEBOOK 840 G5 CORE I7 8ÉME GÉN 16Go Ram 256 Go SSD-Remis à neuf,390000,Hp,Jumia,https://www.jumia.ma/hp-pc-portable-elitebook-840-g5-core-i7-8eme-gen-16go-ram-256-go-ssd-remis-a-neuf-62804015.html,https://ma.jumia.is/unsafe/fit-in/300x300/filters:fill(white)/product/51/040826/1.jpg?3310,hp,27,False,2026-04-18 13:14:39
"Hp Macbook air HD 13,3"" -2015 -INTEL CORE i5-RAM 8Go-SSD 128Go -remis a neuf/",199900,Hp,Jumia,https://www.jumia.ma/hp-macbook-air-hd-133-2015-intel-core-i5-ram-8go-ssd-128go-remis-a-neuf-63613323.html,https://ma.jumia.is/unsafe/fit-in/300x300/filters:fill(white)/product/32/331636/1.jpg?0227,hp,27,False,2026-04-18 13:14:39
Hp Pc Portable EliteBook 840 G8 I5-1145g7 11éme Génération RAM 16Go DDR4 512Gb SSD QWERTY - REMIS A NEUF,415000,Hp,Jumia,https://www.jumia.ma/hp-pc-portable-elitebook-840-g8-i5-1145g7-11eme-generation-ram-16go-ddr4-512gb-ssd-qwerty-remis-a-neuf-67167376.html,https://ma.jumia.is/unsafe/fit-in/300x300/filters:fill(white)/product/67/376176/1.jpg?6423,hp,27,False,2026-04-18 13:14:39
Hp PC PORTABLE  ELITEBOOK 840 G5 8ÉME GÉN-CORE I5-32Go-1000Go SSD-AZERTY-Remise à neuf,449900,Hp,Jumia,https://www.jumia.ma/hp-pc-portable-elitebook-840-g5-8eme-gen-core-i5-32go-1000go-ssd-azerty-remise-a-neuf-66965297.html,https://ma.jumia.is/unsafe/fit-in/300x300/filters:fill(white)/product/79/256966/1.jpg?5047,hp,28,False,2026-04-18 13:14:41
"Hp 14""  -  EliteBook 840 - 8Go Ram  - 256 SSD - Windows - Silver",199900,Hp,Jumia,https://www.jumia.ma/pc-portable-hp-elitebook-840-g2-5eme-generation-core-i5-5300u-remise-a-neuf-hp-mpg1100221.html,https://ma.jumia.is/unsafe/fit-in/300x300/filters:fill(white)/product/00/952324/1.jpg?9630,hp,28,False,2026-04-18 13:14:41
Hp PC portable ProBook x360 435 G7 – AMD Ryzen™ 7 4700U - 16GB DDR4-SDRAM - 512GB SSD - Windows 10 Pro - Remis à neuf,449900,Hp,Jumia,https://www.jumia.ma/hp-pc-portable-probook-x360-435-g7-amd-ryzentm-7-4700u-16gb-ddr4-sdram-512gb-ssd-windows-10-pro-remis-a-neuf-66659007.html,https://ma.jumia.is/unsafe/fit-in/300x300/filters:fill(white)/product/70/095666/1.jpg?2197,hp,28,False,2026-04-18 13:14:41
"Hp Ordinateur Portable EliteBook 820 - 12.5"" - 8GB + 180 - Intel Core i5 5ème Génération - Windows - Remis à neuf",179900,Hp,Jumia,https://www.jumia.ma/hp-ordinateur-portable-elitebook-820-12.5-8gb-180-intel-core-i5-5eme-generation-windows-remis-a-neuf-38173819.html,https://ma.jumia.is/unsafe/fit-in/300x300/filters:fill(white)/product/91/837183/1.jpg?9864,hp,28,False,2026-04-18 13:14:41
Hp PC Portable ELITEBOOK X360 G2 I7-7éme -16GB- 512GB SSD - TACTILE -REMIS À NEUF,499900,Hp,Jumia,https://www.jumia.ma/hp-pc-portable-elitebook-x360-g2-i7-7eme-16gb-512gb-ssd-tactile-remis-a-neuf-47159344.html,https://ma.jumia.is/unsafe/fit-in/300x300/filters:fill(white)/product/44/395174/1.jpg?8596,hp,28,False,2026-04-18 13:14:41
Hp PC Gamer RP5 Model 5810 - i5 4ème Gen - 16Go RAM - 256Go SSD - RADEON R5 430 2Go - Remis à Neuf,165000,Hp,Jumia,https://www.jumia.ma/hp-pc-gamer-rp5-model-5810-i5-4eme-gen-16go-ram-256go-ssd-radeon-r5-430-2go-remis-a-neuf-67702539.html,https://ma.jumia.is/unsafe/fit-in/300x300/filters:fill(white)/product/93/520776/1.jpg?1014,hp,29,False,2026-04-18 13:14:46
"Hp Pc Portable ProBook 440 G7 14"" i5 i5-10210U - 8 GB RAM - 256 GB SSD - ntel UHD Graphics 620 - QWERTY",660000,Hp,Jumia,https://www.jumia.ma/hp-pc-portable-probook-440-g7-14-i5-i5-10210u-8-gb-ram-256-gb-ssd-ntel-uhd-graphics-620-qwerty-65981504.html,https://ma.jumia.is/unsafe/fit-in/300x300/filters:fill(white)/product/40/518956/1.jpg?2606,hp,29,False,2026-04-18 13:14:46
Hp EliteBook 840 G5 – 14” – Core i5 8ème Gén – 16GB RAM – 512GB SSD – QWERTY (Remis à neuf),299000,Hp,Jumia,https://www.jumia.ma/elitebook-g5-830-i5-8eme-ram-16go-256go-ssd-14-fhd-clavier-qwerty-remis-a-neuf-hp-mpg1413181.html,https://ma.jumia.is/unsafe/fit-in/300x300/filters:fill(white)/product/04/682246/1.jpg?5911,hp,29,False,2026-04-18 13:14:46
Hp Pc Portable EliteBook 830 G7 I5-10210U 10éme Génération RAM 16Go DDR4 256Gb SSD QWERTY - REMIS A NEUF,339000,Hp,Jumia,https://www.jumia.ma/hp-pc-portable-elitebook-830-g7-i5-10210u-10eme-generation-ram-16go-ddr4-256gb-ssd-qwerty-remis-a-neuf-67167386.html,https://ma.jumia.is/unsafe/fit-in/300x300/filters:fill(white)/product/68/376176/1.jpg?6413,hp,29,False,2026-04-18 13:14:46
Hp PC BUREAU PRODESK 800 G1-Intel Core i5-16Go -1000 Go -REMIS A NEUF/,129900,Hp,Jumia,https://www.jumia.ma/hp-pc-bureau-prodesk-800-g1-intel-core-i5-16go-1000-go-remis-a-neuf-62983878.html,https://ma.jumia.is/unsafe/fit-in/300x300/filters:fill(white)/product/87/838926/1.jpg?8061,hp,29,False,2026-04-18 13:14:46
Hp  ProBook 450 G7 Core i7-10510u - 16Go - 256Go SSD - 15.6 FHD Remis à Neuf,359900,Hp,Jumia,https://www.jumia.ma/hp-probook-450-g7-core-i7-10510u-16go-256go-ssd-15.6-fhd-remis-a-neuf-67294413.html,https://ma.jumia.is/unsafe/fit-in/300x300/filters:fill(white)/product/31/449276/1.jpg?5135,hp,30,False,2026-04-18 13:14:49
Hp EliteBook x360 830 G7 Intel i5-10310U 16Go 256Go SSD Tactile Remis à neuf,409900,Hp,Jumia,https://www.jumia.ma/hp-elitebook-x360-830-g7-intel-i5-10310u-16go-256go-ssd-tactile-remis-a-neuf-67176172.html,https://ma.jumia.is/unsafe/fit-in/300x300/filters:fill(white)/product/27/167176/1.jpg?8882,hp,30,False,2026-04-18 13:14:49
"Hp EliteBook 850 G3 Core i5 6eme 6200U - SSD 128 + 8Go RAM - 15,6″ Full HD- Remis a neuf",195000,Hp,Jumia,https://www.jumia.ma/hp-elitebook-850-g3-core-i5-6eme-6200u-ssd-128-8go-ram-156-full-hd-remis-a-neuf-62931725.html,https://ma.jumia.is/unsafe/fit-in/300x300/filters:fill(white)/product/52/713926/1.jpg?9184,hp,30,False,2026-04-18 13:14:49
Hp ELITEBOOK 840 G3 I5-6200U 16 Go DDR4 256 Go SSD Intel UHD 520 (Remis à Neuf),245000,Hp,Jumia,https://www.jumia.ma/elitebook-840-g3-i5-6200u-16-go-ddr4-256-go-ssd-intel-uhd-520-remis-a-neuf-hp-mpg1478867.html,https://ma.jumia.is/unsafe/fit-in/300x300/filters:fill(white)/product/40/171535/1.jpg?6345,hp,30,False,2026-04-18 13:14:49
Hp PC PORTABLE 840 G3 I5 6EME 8G/256GB Remis a Neuf,224000,Hp,Jumia,https://www.jumia.ma/hp-pc-portable-840-g3-i5-6eme-8g256gb-remis-a-neuf-43034949.html,https://ma.jumia.is/unsafe/fit-in/300x300/filters:fill(white)/product/94/943034/1.jpg?6364,hp,30,False,2026-04-18 13:14:49
Hp EliteDesk 800 G2 Mini PC Core i5-6500T - 16Go DDR4 - 512Go SSD (Remis à Neuf),259900,Hp,Jumia,https://www.jumia.ma/hp-elitedesk-800-g2-mini-pc-core-i5-6500t-16go-ddr4-512go-ssd-remis-a-neuf-65029635.html,https://ma.jumia.is/unsafe/fit-in/300x300/filters:fill(white)/product/53/692056/1.jpg?5103,hp,30,False,2026-04-18 13:14:49
"Hp 12,5""  -  EliteBook 820 - 4Go Ram  - 500 SSD  - Windows - Silver",159900,Hp,Jumia,https://www.jumia.ma/ordinateur-portable-hp-elitebook-820-i5-cartable-gratuit-remise-a-neuf-hp-mpg1046726.html,https://ma.jumia.is/unsafe/fit-in/300x300/filters:fill(white)/product/84/499624/1.jpg?8177,hp,31,False,2026-04-18 13:14:53
Hp PC PORTABLE  ELITEBOOK 840 G5 8ÉME GÉN-CORE I5-8Go-256 Go SSD-garantie 6 Mois-Remis à neuf,299900,Hp,Jumia,https://www.jumia.ma/hp-pc-portable-elitebook-840-g5-8eme-gen-core-i5-8go-256-go-ssd-garantie-6-mois-remis-a-neuf-67069311.html,https://ma.jumia.is/unsafe/fit-in/300x300/filters:fill(white)/product/11/396076/1.jpg?0235,hp,31,False,2026-04-18 13:14:53
Hp Ordinateur de bureau Prodesk 600 G3 i3 6éme 8Go 500 Go - Remis à neuf,94900,Hp,Jumia,https://www.jumia.ma/ordinateur-de-bureau-prodesk-600-g3-i3-6eme-8go-500-go-remis-a-neuf-hp-mpg1472444.html,https://ma.jumia.is/unsafe/fit-in/300x300/filters:fill(white)/product/42/312456/1.jpg?6085,hp,31,False,2026-04-18 13:14:53
"Hp PC Portable Probook 640 Core intel i3-1000Go-RAM 16GB 14""- remis a neuf",229900,Hp,Jumia,https://www.jumia.ma/pc-portable-probook-640-core-intel-i3-1000go-ram-16gb-14-cartable-gratuit-remis-a-neuf-hp-mpg1439461.html,https://ma.jumia.is/unsafe/fit-in/300x300/filters:fill(white)/product/22/331636/1.jpg?9960,hp,31,False,2026-04-18 13:14:53
"Hp EliteBook 830 G7 Core i7-10610U 32Go DDR4 , 512Go SSD Tactile - Remis à Neuf - QWERTY",549900,Hp,Jumia,https://www.jumia.ma/elitebook-830-g7-core-i7-10610u-32go-ddr4-512go-ssd-tactile-remis-a-neuf-qwerty-hp-mpg1413135.html,https://ma.jumia.is/unsafe/fit-in/300x300/filters:fill(white)/product/01/322206/1.jpg?2277,hp,31,False,2026-04-18 13:14:53
Hp PC Portable EliteBook X G1i 14 U7- 16Go -512Go SSD -W11P,4745900,Hp,Jumia,https://www.jumia.ma/pc-portable-elitebook-x-g1i-14-u7-16go-512go-ssd-w11p-hp-mpg1572411.html,https://ma.jumia.is/unsafe/fit-in/300x300/filters:fill(white)/product/58/454676/1.jpg?6029,hp,31,False,2026-04-18 13:14:53
"Hp EliteBook 845 G8 AMD Ryzen 7 Pro 5850U Ram 16Go – Rom 512Go SSD – 14"" FHD - Remis à neuf",499900,Hp,Jumia,https://www.jumia.ma/hp-elitebook-845-g8-amd-ryzen-7-pro-5850u-ram-16go-rom-512go-ssd-14-fhd-remis-a-neuf-65643789.html,https://ma.jumia.is/unsafe/fit-in/300x300/filters:fill(white)/product/98/734656/1.jpg?2445,hp,32,False,2026-04-18 13:14:56
Hp EliteBook 1030 X360 – 13.3” – Core i7 8ème Gén – 8GB RAM – 256GB SSD – QWERTY (Remis à neuf),550000,Hp,Jumia,https://www.jumia.ma/ordinateur-portable-elitebook-1030-x360-core-i7-8eme-ram-8-disque-dur-256-ssd-qwerty-remis-a-neuf-hp-mpg1481765.html,https://ma.jumia.is/unsafe/fit-in/300x300/filters:fill(white)/product/96/530656/1.jpg?0443,hp,32,False,2026-04-18 13:14:56
Hp  EliteBook 840 G7 Core i5 10éme RAM 16Gb SSD 256Gb -Remis à Neuf,349900,Hp,Jumia,https://www.jumia.ma/hp-elitebook-840-g7-core-i5-10eme-ram-16gb-ssd-256gb-remis-a-neuf-67710218.html,https://ma.jumia.is/unsafe/fit-in/300x300/filters:fill(white)/product/81/201776/1.jpg?9768,hp,32,False,2026-04-18 13:14:56
Hp PC PORTABLE  ELITEBOOK 840 G5 8ÉME GÉN-CORE I5-8Go-256 Go SSD-Remis à neuf,299900,Hp,Jumia,https://www.jumia.ma/pc-portable-hp-elitebook-840-g5-8eme-gen-core-i5-8go-256-go-ssd-remise-a-neuf-hp-mpg1439488.html,https://ma.jumia.is/unsafe/fit-in/300x300/filters:fill(white)/product/00/614926/1.jpg?0224,hp,32,False,2026-04-18 13:14:56
Hp EliteBook 745 G6 – AMD Ryzen 7 PRO-3700U RAM 16GB SSD 256GB Remis a neuf,350000,Hp,Jumia,https://www.jumia.ma/hp-elitebook-745-g6-amd-ryzen-7-pro-3700u-ram-16gb-ssd-256gb-remis-a-neuf-65937220.html,https://ma.jumia.is/unsafe/fit-in/300x300/filters:fill(white)/product/02/273956/1.jpg?6373,hp,32,False,2026-04-18 13:14:56
Hp PC PORTABLE PROBOOK 640 G2- 6EME GENERATION -i3-4Go RAM- 320GB-REMISE A NEUF - QWERTY,199500,Hp,Jumia,https://www.jumia.ma/pc-portable-probook-640-g2-6eme-generation-i3-4go-ram-320gb-remise-a-neuf-qwerty-hp-mpg1516447.html,https://ma.jumia.is/unsafe/fit-in/300x300/filters:fill(white)/product/16/476846/1.jpg?2813,hp,32,False,2026-04-18 13:14:56
Hp PC PORTABLE  ELITEBOOK 840 G5 8ÉME GÉN-CORE I5-16Go-512 Go SSD-AZERTY-Remis à neuf,349900,Hp,Jumia,https://www.jumia.ma/hp-pc-portable-elitebook-840-g5-8eme-gen-core-i5-16go-512-go-ssd-azerty-remis-a-neuf-66965266.html,https://ma.jumia.is/unsafe/fit-in/300x300/filters:fill(white)/product/66/256966/1.jpg?0214,hp,33,False,2026-04-18 13:14:59
"Hp Mini ordinateur de bureau EliteDesk 800 35W G2 -I5 6500T Turbo 3.2Ghz 8GB Ram 256GB SSD 2.5 WIFI Intégré, Windows 11, MS Office 2024 Original (Remis a neuf)",149000,Hp,Jumia,https://www.jumia.ma/hp-mini-ordinateur-de-bureau-elitedesk-800-35w-g2-i5-6500t-turbo-3.2ghz-8gb-ram-256gb-ssd-2.5-wifi-integre-windows-11-ms-office-2024-original-remis-a-neuf-67332825.html,https://ma.jumia.is/unsafe/fit-in/300x300/filters:fill(white)/product/52/823376/1.jpg?5225,hp,33,False,2026-04-18 13:14:59
Hp Ordinateur de bureau Pro Mini 260 G9 (9H6E0ET),592000,Hp,Jumia,https://www.jumia.ma/hp-ordinateur-de-bureau-pro-mini-260-g9-9h6e0et-65490333.html,https://ma.jumia.is/unsafe/fit-in/300x300/filters:fill(white)/product/33/309456/1.jpg?1923,hp,33,False,2026-04-18 13:14:59
"Hp ProBook 445R G6 RYZEN 3 3200U 14"" 8Go RAM - 256Go SSD - Remis à neuf",248500,Hp,Jumia,https://www.jumia.ma/hp-probook-445r-g6-ryzen-3-3200u-14-8go-ram-256go-ssd-remis-a-neuf-64926144.html,https://ma.jumia.is/unsafe/fit-in/300x300/filters:fill(white)/product/44/162946/1.jpg?6412,hp,33,False,2026-04-18 13:14:59
"Hp EliteBook 840 - G3 - 14"" - Core i5 6ème Génération - 8 Go RAM DDR4 - 256 Go M.2 SSD - Remis à Neuf",250000,Hp,Jumia,https://www.jumia.ma/hp-elitebook-840-g3-14-core-i5-6eme-generation-8-go-ram-ddr4-256-go-m.2-ssd-remis-a-neuf-44161739.html,https://ma.jumia.is/unsafe/fit-in/300x300/filters:fill(white)/product/93/716144/1.jpg?1545,hp,33,False,2026-04-18 13:14:59
Hp PC PORTABLE ELITEBOOK 840 G5 8ÉME GÉN- TACTILE-CORE I5-16Go-256 Go SSD-Garantie 6 Mois-Remis à neuf,339900,Hp,Jumia,https://www.jumia.ma/hp-pc-portable-elitebook-840-g5-8eme-gen-tactile-core-i5-16go-256-go-ssd-garantie-6-mois-remis-a-neuf-67414461.html,https://ma.jumia.is/unsafe/fit-in/300x300/filters:fill(white)/product/16/441476/1.jpg?0207,hp,33,False,2026-04-18 13:14:59
"Hp EliteBook x360 830 G6 Core i5 8éme - 16Go DDR4 / 256Go SSD - 13.3"" IPS Full HD Tactile -Remis à neuf",370000,Hp,Jumia,https://www.jumia.ma/hp-elitebook-x360-830-g6-core-i5-8eme-16go-ddr4-256go-ssd-13.3-ips-full-hd-tactile-remis-a-neuf-67055419.html,https://ma.jumia.is/unsafe/fit-in/300x300/filters:fill(white)/product/91/455076/1.jpg?6363,hp,33,False,2026-04-18 13:14:59
"Hp ProBook 640 G2 6éme génération -14"" - Core i3 8Go RAM DDR4 - 500GB -Remis a neuf - QWERTY",195000,Hp,Jumia,https://www.jumia.ma/hp-probook-640-g2-6eme-generation-14-core-i3-8go-ram-ddr4-500gb-remis-a-neuf-qwerty-39102292.html,https://ma.jumia.is/unsafe/fit-in/300x300/filters:fill(white)/product/29/220193/1.jpg?6392,hp,33,False,2026-04-18 13:14:59
Hp Pc portable Probook 640 G5 ntel® Core I5-8365U - 8go- SSD 256Go- Remis a neuf,300000,Hp,Jumia,https://www.jumia.ma/hp-pc-portable-probook-640-g5-ntelr-core-i5-8365u-8go-ssd-256go-remis-a-neuf-61900171.html,https://ma.jumia.is/unsafe/fit-in/300x300/filters:fill(white)/product/17/100916/1.jpg?6380,hp,33,False,2026-04-18 13:14:59
Hp Ordinateur Tout-En-Un 27-Cr0017Nk (A76C7Ea),1679000,Hp,Jumia,https://www.jumia.ma/hp-ordinateur-tout-en-un-27-cr0017nk-a76c7ea-67276436.html,https://ma.jumia.is/unsafe/fit-in/300x300/filters:fill(white)/product/63/467276/1.jpg?3135,hp,33,False,2026-04-18 13:14:59
Hp  EliteBook 830 G8 Core i7-1185G7 I 32Go I 512 Go NVMe I 13.3  IPS Full HD -Remis à Neuf,499900,Hp,Jumia,https://www.jumia.ma/hp-elitebook-830-g8-core-i7-1185g7-i-32go-i-512-go-nvme-i-13.3-ips-full-hd-remis-a-neuf-66018880.html,https://ma.jumia.is/unsafe/fit-in/300x300/filters:fill(white)/product/08/881066/1.jpg?1606,hp,34,False,2026-04-18 13:15:02
Hp Pavilion X360 2-in-1 14-ek1006nk - i7-1355U - 16 Go RAM - 512 Go SSD - Azerty,1140000,Hp,Jumia,https://www.jumia.ma/hp-pavilion-x360-2-in-1-14-ek1006nk-i7-1355u-16-go-ram-512-go-ssd-azerty-64734940.html,https://ma.jumia.is/unsafe/fit-in/300x300/filters:fill(white)/product/04/943746/1.jpg?6765,hp,34,False,2026-04-18 13:15:02
"Hp EliteBook 830 G8 (tactile) , Core i7 (11éme Génération) , 32 Go Ram , 512 Go SSD M.2 NVMe",585000,Hp,Jumia,https://www.jumia.ma/hp-elitebook-830-g8-tactile-core-i7-11eme-generation-32-go-ram-512-go-ssd-m.2-nvme-66067526.html,https://ma.jumia.is/unsafe/fit-in/300x300/filters:fill(white)/product/62/576066/1.jpg?0045,hp,34,False,2026-04-18 13:15:02
"Hp 14""  -  EliteBook 840 - 4Go Ram  - 500 SSD  - Windows - Silver",189900,Hp,Jumia,https://www.jumia.ma/pc-portable-hp-elitebook-840-core-i5-souris-gratuit-remise-a-neuf-hp-mpg1439482.html,https://ma.jumia.is/unsafe/fit-in/300x300/filters:fill(white)/product/54/499624/1.jpg?8178,hp,34,False,2026-04-18 13:15:02
Hp EliteBook 1030 X360 – Core i7 8ème Gén – 8GB RAM – 256GB SSD – QWERTY (Remis à neuf),444900,Hp,Jumia,https://www.jumia.ma/hp-elitebook-1030-x360-core-i7-8eme-gen-8gb-ram-256gb-ssd-qwerty-remis-a-neuf-65692492.html,https://ma.jumia.is/unsafe/fit-in/300x300/filters:fill(white)/product/29/429656/1.jpg?5929,hp,35,False,2026-04-18 13:15:05
Hp ProBook x360 435 G8 AMD Ryzen 7 Pro 5850U I 16Go I 512 Go SSD I 13.3 Full HD Rotation Tactile -Remis à Neuf,479900,Hp,Jumia,https://www.jumia.ma/hp-probook-x360-435-g8-amd-ryzen-7-pro-5850u-i-16go-i-512-go-ssd-i-13.3-full-hd-rotation-tactile-remis-a-neuf-66301835.html,https://ma.jumia.is/unsafe/fit-in/300x300/filters:fill(white)/product/53/810366/1.jpg?5825,hp,35,False,2026-04-18 13:15:05
"Hp 14"" - ELITEBOOK 840  - 8Go Ram  - 500 SSD  - Windows - Silver",229900,Hp,Jumia,https://www.jumia.ma/ultraportable-elitebook-840-g3-6eme-generation-core-i5-remise-a-neuf-hp-mpg1413172.html,https://ma.jumia.is/unsafe/fit-in/300x300/filters:fill(white)/product/57/581194/1.jpg?4085,hp,35,False,2026-04-18 13:15:05
Hp EliteBook 840 G3 i5-6300U 2.40 GHz 8 Go 256 Go SSD  Remis a Neuf,230000,Hp,Jumia,https://www.jumia.ma/pc-elitebook-i5-ram-8-go-256-go-ssd-6eme-generation-remis-a-neuf-azerty-hp-mpg1413174.html,https://ma.jumia.is/unsafe/fit-in/300x300/filters:fill(white)/product/55/630704/1.jpg?6374,hp,35,False,2026-04-18 13:15:05
Hp Ordinateur portable Pavilion x360 2-en-1 14-ek1001nk i5-1335U 8 Go 512SSD Windows 11,920000,Hp,Jumia,https://www.jumia.ma/hp-ordinateur-portable-pavilion-x360-2-en-1-14-ek1001nk-i5-1335u-8-go-512ssd-windows-11-67157488.html,https://ma.jumia.is/unsafe/fit-in/300x300/filters:fill(white)/product/88/475176/1.jpg?3743,hp,35,False,2026-04-18 13:15:05
Hp EliteBook 840 G8 I5-1145g7 11éme Génération RAM 16Go DDR4 512Gb SSD QWERTY - REMIS A NEUF,409900,Hp,Jumia,https://www.jumia.ma/hp-elitebook-840-g8-i5-1145g7-11eme-generation-ram-16go-ddr4-512gb-ssd-qwerty-remis-a-neuf-67244592.html,https://ma.jumia.is/unsafe/fit-in/300x300/filters:fill(white)/product/29/544276/1.jpg?6355,hp,35,False,2026-04-18 13:15:05
Hp EliteBook 840 G8 I5- 11éme Génération RAM 32Go DDR4 1 Tb SSD QWERTY - REMIS A NEUF,550000,Hp,Jumia,https://www.jumia.ma/hp-elitebook-840-g8-i5-11eme-generation-ram-32go-ddr4-1-tb-ssd-qwerty-remis-a-neuf-67726099.html,https://ma.jumia.is/unsafe/fit-in/300x300/filters:fill(white)/product/99/062776/1.jpg?6342,hp,35,False,2026-04-18 13:15:05
"Hp EliteBook 840 G6 - Core i5-8ème Gen - 8Go RAM + 256Go SSD - QWERTY - 14"" FHD - Gris (Remis à Neuf)",400000,Hp,Jumia,https://www.jumia.ma/hp-elitebook-840-g6-core-i5-8eme-gen-8go-ram-256go-ssd-qwerty-14-fhd-gris-remis-a-neuf-65687954.html,https://ma.jumia.is/unsafe/fit-in/300x300/filters:fill(white)/product/45/978656/1.jpg?5906,hp,36,False,2026-04-18 13:15:09
Hp ELITEBOOK 840 G6 Core i5 8Éme RAM 16Gb SSD 256Gb-Remis à neuf,299900,Hp,Jumia,https://www.jumia.ma/hp-elitebook-840-g6-core-i5-8eme-ram-16gb-ssd-256gb-remis-a-neuf-65660654.html,https://ma.jumia.is/unsafe/fit-in/300x300/filters:fill(white)/product/45/606656/1.jpg?0865,hp,36,False,2026-04-18 13:15:09
Hp EliteBook 820 - FHD - Core i5 5ème Génération - 8 Go RAM - 128 Go SSD - Remis à Neuf,650000,Hp,Jumia,https://www.jumia.ma/pc-portable-elitebook-840-g3-i5-6eme-8g256gb-remis-a-neuf-hp-mpg1481738.html,https://ma.jumia.is/unsafe/fit-in/300x300/filters:fill(white)/product/85/822864/1.jpg?4363,hp,36,False,2026-04-18 13:15:09
Hp EliteBook 840 g3 Core I5-6300U 6éme génération 8GB - 256GB SSD Remis a Neuf,219900,Hp,Jumia,https://www.jumia.ma/elitebook-840-g3-core-i5-6300u-6eme-generation-8gb-256gb-ssd-remis-a-neuf-hp-mpg1468970.html,https://ma.jumia.is/unsafe/fit-in/300x300/filters:fill(white)/product/59/589675/1.jpg?6368,hp,36,False,2026-04-18 13:15:09
Hp Pc Portable Elitebook 820 G3 i5 6éme génération 8Go Ram 256Go SSD (Remis à neuf) - QWERTY,215000,Hp,Jumia,https://www.jumia.ma/pc-portable-elitebook-820-g3-i5-6eme-generation-8go-ram-256go-ssd-remis-a-neuf-qwerty-hp-mpg1476206.html,https://ma.jumia.is/unsafe/fit-in/300x300/filters:fill(white)/product/30/572324/1.jpg?8758,hp,36,False,2026-04-18 13:15:09
Hp ThinkPad X280 – 12.5” – Core i5 – 16GB RAM – 512GB SSD – QWERTY (Remis à neuf),298900,Hp,Jumia,https://www.jumia.ma/hp-thinkpad-x280-12.5-core-i5-16gb-ram-512gb-ssd-qwerty-remis-a-neuf-65429365.html,https://ma.jumia.is/unsafe/fit-in/300x300/filters:fill(white)/product/56/392456/1.jpg?5921,hp,36,False,2026-04-18 13:15:09
"Hp Ultraportable EliteBook 840 G4 - 14"" - 8GB +256GB - Intel Core i5 7ème Génération - Remis à neuf",299900,Hp,Jumia,https://www.jumia.ma/hp-ultraportable-elitebook-840-g4-14-8gb-256gb-intel-core-i5-7eme-generation-remis-a-neuf-46692834.html,https://ma.jumia.is/unsafe/fit-in/300x300/filters:fill(white)/product/43/829664/1.jpg?2856,hp,36,False,2026-04-18 13:15:09
"Hp Ordinateur Portable EliteBook 820 - 12.5"" - 8GB + 180GB - Intel Core i5 6ème Génération - Remis à neuf",229900,Hp,Jumia,https://www.jumia.ma/hp-ordinateur-portable-elitebook-820-12.5-8gb-180gb-intel-core-i5-6eme-generation-remis-a-neuf-38159996.html,https://ma.jumia.is/unsafe/fit-in/300x300/filters:fill(white)/product/69/995183/1.jpg?2852,hp,36,False,2026-04-18 13:15:09
Hp ordinateur portable pavilion 15-eg3004nk (845m2ea),935800,Hp,Jumia,https://www.jumia.ma/hp-ordinateur-portable-pavilion-15-eg3004nk-845m2ea-65311440.html,https://ma.jumia.is/unsafe/fit-in/300x300/filters:fill(white)/product/04/411356/1.jpg?9937,hp,37,False,2026-04-18 13:15:13
Hp Ordinateur tout-en-un ProOne 440 G9,1552100,Hp,Jumia,https://www.jumia.ma/hp-ordinateur-tout-en-un-proone-440-g9-67606362.html,https://ma.jumia.is/unsafe/fit-in/300x300/filters:fill(white)/product/26/360676/1.jpg?6773,hp,37,False,2026-04-18 13:15:13
Hp Ordinateur All In One Proone 240 G9 I5-1235U 8 Go 512 Go SSD - Noir - (5W8H8Es),923000,Hp,Jumia,https://www.jumia.ma/hp-ordinateur-all-in-one-proone-240-g9-i5-1235u-8-go-512-go-ssd-noir-5w8h8es-67276425.html,https://ma.jumia.is/unsafe/fit-in/300x300/filters:fill(white)/product/52/467276/1.jpg?3125,hp,37,False,2026-04-18 13:15:13
"Hp 13.3"" - Macbook air  - 8Go Ram  - 128 SSD - macOS - Silver",199900,Hp,Jumia,https://www.jumia.ma/hp-13.3-macbook-air-8go-ram-128-ssd-macos-silver-65620904.html,https://ma.jumia.is/unsafe/fit-in/300x300/filters:fill(white)/product/40/902656/1.jpg?6303,hp,37,False,2026-04-18 13:15:13
Hp Ordinateur ProOne 240 G10 i3 8 Go 256SSD (623Z4ET),843200,Hp,Jumia,https://www.jumia.ma/hp-ordinateur-proone-240-g10-i3-8-go-256ssd-623z4et-65508444.html,https://ma.jumia.is/unsafe/fit-in/300x300/filters:fill(white)/product/44/480556/1.jpg?6383,hp,37,False,2026-04-18 13:15:13
"Hp EliteBook 820-G1 12,5"" Core i7 (8Go, 500Go) Gris/Noir - Remis à neuf",370000,Hp,Jumia,https://www.jumia.ma/hp-elitebook-820-g1-125-core-i7-8go-500go-grisnoir-remis-a-neuf-27009478.html,https://ma.jumia.is/unsafe/fit-in/300x300/filters:fill(white)/product/87/490072/1.jpg?0598,hp,38,False,2026-04-18 13:15:15
Hp EliteBook 840 G3 i5-6200U 2.30 GHz 8 Go 240 Go SSD  Remis a Neuf,230000,Hp,Jumia,https://www.jumia.ma/hp-elitebook-840-g3-i5-6200u-2.30-ghz-8-go-240-go-ssd-remis-a-neuf-40834040.html,https://ma.jumia.is/unsafe/fit-in/300x300/filters:fill(white)/product/04/043804/1.jpg?6349,hp,38,False,2026-04-18 13:15:15
"Hp PC PORTABLE i5 8ème Gén RAM 8 Go/ 256 Go SSD 14"" Win 10 PRO AZERTY - REMIS A NEUF",499900,Hp,Jumia,https://www.jumia.ma/hp-pc-portable-i5-8eme-gen-ram-8-go-256-go-ssd-14-win-10-pro-azerty-remis-a-neuf-64928997.html,https://ma.jumia.is/unsafe/fit-in/300x300/filters:fill(white)/product/79/982946/1.jpg?6083,hp,38,False,2026-04-18 13:15:15
Hp ELITEBOOK 840 G6 Core i5 8Éme RAM 8Gb SSD 256Gb-  Remis à neuf,299900,Hp,Jumia,https://www.jumia.ma/hp-elitebook-840-g6-core-i5-8eme-ram-8gb-ssd-256gb-remis-a-neuf-67707753.html,https://ma.jumia.is/unsafe/fit-in/300x300/filters:fill(white)/product/35/770776/1.jpg?0879,hp,38,False,2026-04-18 13:15:15
Hp EliteBook 830 G5 – 14” – Core i5-8350U – 8GB RAM – 256GB SSD (Remis à neuf),279900,Hp,Jumia,https://www.jumia.ma/elitebook-830-g5-intel-core-i5-8350u-8go-ddr4-256go-ssd-remis-a-neuf-hp-mpg1413184.html,https://ma.jumia.is/unsafe/fit-in/300x300/filters:fill(white)/product/09/491536/1.jpg?1524,hp,38,False,2026-04-18 13:15:15
"Hp PC Portable EliteBook X360 G2 - 14"" - Intel Core i5 7ème Génération - 8GB RAM + 256GB SSD - Windows - Tactile - Remis à neuf",359900,Hp,Jumia,https://www.jumia.ma/hp-pc-portable-elitebook-x360-g2-14-intel-core-i5-7eme-generation-8gb-ram-256gb-ssd-windows-tactile-remis-a-neuf-57535121.html,https://ma.jumia.is/unsafe/fit-in/300x300/filters:fill(white)/product/12/153575/1.jpg?8546,hp,38,False,2026-04-18 13:15:15
"Hp EliteBook 1030 G3 Core i7-8650U | 8Go | 512 Go SSD | 13.3"" Tactile Full HD Rotatif Remis à Neuf",479900,Hp,Jumia,https://www.jumia.ma/hp-elitebook-1030-g3-core-i7-8650u-8go-512-go-ssd-13.3-tactile-full-hd-rotatif-remis-a-neuf-65387300.html,https://ma.jumia.is/unsafe/fit-in/300x300/filters:fill(white)/product/00/378356/1.jpg?2585,hp,38,False,2026-04-18 13:15:15
"Hp EliteBook 840 G5 - Core i5 - 8ème Gen - 14"" - 16Go RAM - 512Go SSD - Windows 10 - QWERTY - Remis à Neuf - Gris",450000,Hp,Jumia,https://www.jumia.ma/hp-elitebook-840-g5-core-i5-8eme-gen-14-16go-ram-512go-ssd-windows-10-qwerty-remis-a-neuf-gris-65857058.html,https://ma.jumia.is/unsafe/fit-in/300x300/filters:fill(white)/product/85/075856/1.jpg?1547,hp,38,False,2026-04-18 13:15:15
Hp ELITEBOOK 840 G5 Core i5 8ÉME Gén RAM 16Gb SSD 256Gb-Remis à neuf,289900,Hp,Jumia,https://www.jumia.ma/hp-elitebook-840-g5-core-i5-8eme-gen-ram-16gb-ssd-256gb-remis-a-neuf-63511191.html,https://ma.jumia.is/unsafe/fit-in/300x300/filters:fill(white)/product/19/111536/1.jpg?4855,hp,38,False,2026-04-18 13:15:15
Hp Victus 16-E1024Nk Ryzen 5 Rtx 4050 - 16 Go + SSD 512 Go - (C24Trea),1564500,Hp,Jumia,https://www.jumia.ma/hp-victus-16-e1024nk-ryzen-5-rtx-4050-16-go-ssd-512-go-c24trea-67276266.html,https://ma.jumia.is/unsafe/fit-in/300x300/filters:fill(white)/product/66/267276/1.jpg?2965,hp,38,False,2026-04-18 13:15:15
Hp PC Portable Convertible Lenovo ThinkPad X1 2-in-1 Gen 10 Aura Edition,3830500,Hp,Jumia,https://www.jumia.ma/pc-portable-convertible-lenovo-thinkpad-x1-2-in-1-gen-10-aura-edition-hp-mpg1564552.html,https://ma.jumia.is/unsafe/fit-in/300x300/filters:fill(white)/product/41/132576/1.jpg?6018,hp,38,False,2026-04-18 13:15:15
Hp EliteBook 840 G11 Ultra 5 125u 16GB 512G SSD,1624500,Hp,Jumia,https://www.jumia.ma/hp-elitebook-840-g11-ultra-5-125u-16gb-512g-ssd-66999002.html,https://ma.jumia.is/unsafe/fit-in/300x300/filters:fill(white)/product/20/099966/1.jpg?3328,hp,39,False,2026-04-18 13:15:17
Hp PC Portable ELITEBOOK X360 G2 I5-7éme -8GB- 512GB SSD - TACTILE -REMIS À NEUF,369900,Hp,Jumia,https://www.jumia.ma/pc-portable-elitebook-x360-g2-i5-7eme-8gb-512gb-ssd-tactile-remis-a-neuf-hp-mpg1173625.html,https://ma.jumia.is/unsafe/fit-in/300x300/filters:fill(white)/product/81/981944/1.jpg?9954,hp,39,False,2026-04-18 13:15:17
Hp ELITEBOOK 840 G7 i5-10310U 16 Go 256 Go SSD 10 éme Génération (Remis à Neuf),450000,Hp,Jumia,https://www.jumia.ma/hp-elitebook-840-g7-i5-10310u-16-go-256-go-ssd-10-eme-generation-remis-a-neuf-59938717.html,https://ma.jumia.is/unsafe/fit-in/300x300/filters:fill(white)/product/71/783995/1.jpg?7727,hp,39,False,2026-04-18 13:15:17
"Hp Probook 640 G1 Core i5 4eme génération SSD256Go 8GB RAM 14"" remis a neuf",272400,Hp,Jumia,https://www.jumia.ma/hp-probook-640-g1-core-i5-4eme-generation-ssd256go-8gb-ram-14-remis-a-neuf-28621221.html,https://ma.jumia.is/unsafe/fit-in/300x300/filters:fill(white)/product/12/212682/1.jpg?2486,hp,39,False,2026-04-18 13:15:17
Hp EliteBook x360 – 14” – Core i5 8ème Gén – 8GB RAM – 256GB SSD – QWERTY (Remis à neuf),348900,Hp,Jumia,https://www.jumia.ma/elitebook-x360-core-i5-8eme-i-8go-i-256-go-ssd-qwerty-remis-a-neuf-hp-mpg1472490.html,https://ma.jumia.is/unsafe/fit-in/300x300/filters:fill(white)/product/90/833356/1.jpg?6080,hp,39,False,2026-04-18 13:15:17
"Hp PC Portable Probook 640 Core i5 4eme 320Gb 4GB RAM 14""- remis a neuf - AZERTY",199900,Hp,Jumia,https://www.jumia.ma/hp-pc-portable-probook-640-core-i5-4eme-320gb-4gb-ram-14-remis-a-neuf-azerty-53933093.html,https://ma.jumia.is/unsafe/fit-in/300x300/filters:fill(white)/product/39/033935/1.jpg?8571,hp,39,False,2026-04-18 13:15:17
Hp PC Portable ELITEBOOK 840 G7-INTEL CORE I5-10éme -16GB- 256GB SSD- FHD - REMIS À NEUF,359900,Hp,Jumia,https://www.jumia.ma/hp-pc-portable-elitebook-840-g7-intel-core-i5-10eme-16gb-256gb-ssd-fhd-remis-a-neuf-67331778.html,https://ma.jumia.is/unsafe/fit-in/300x300/filters:fill(white)/product/87/713376/1.jpg?6087,hp,39,False,2026-04-18 13:15:17
"Hp PC Portable Probook 640 Core i3 4eme 512Gb SSD 8GB RAM 14""- remis a neuf - AZERTY",199900,Hp,Jumia,https://www.jumia.ma/hp-pc-portable-probook-640-core-i3-4eme-512gb-ssd-8gb-ram-14-remis-a-neuf-azerty-49766063.html,https://ma.jumia.is/unsafe/fit-in/300x300/filters:fill(white)/product/36/066794/2.jpg?0152,hp,40,False,2026-04-18 13:15:20
"Hp EliteBook 840 G8 - 14"" FHD - i5-1145G7 - 16 Go RAM - 256 Go SSD - Windows 10 Pro - Azerty",830000,Hp,Jumia,https://www.jumia.ma/hp-elitebook-840-g8-14-fhd-i5-1145g7-16-go-ram-256-go-ssd-windows-10-pro-azerty-65183682.html,https://ma.jumia.is/unsafe/fit-in/300x300/filters:fill(white)/product/28/638156/1.jpg?3686,hp,40,False,2026-04-18 13:15:20
"Hp Ordinateur Tout-En-Un -23,8″ - 16 Go DDR5 + SSD 1 To rapide - Intel® Core™ Ultra 7, IA Boost, 12 cœurs - 24-Cr2015Nk (Bh5C2Ea)",1605500,Hp,Jumia,https://www.jumia.ma/hp-ordinateur-tout-en-un-238-16-go-ddr5-ssd-1-to-rapide-intelr-coretm-ultra-7-ia-boost-12-coeurs-24-cr2015nk-bh5c2ea-67276473.html,https://ma.jumia.is/unsafe/fit-in/300x300/filters:fill(white)/product/37/467276/1.jpg?3170,hp,40,False,2026-04-18 13:15:20
Hp PC Portable ELITEBOOK 840 G7 -10810U -INTEL CORE I5-10éme -8GB- 256GB SSD- FHD - À NEUF/,379900,Hp,Jumia,https://www.jumia.ma/hp-pc-portable-elitebook-840-g7-10810u-intel-core-i5-10eme-8gb-256gb-ssd-fhd-a-neuf-65843808.html,https://ma.jumia.is/unsafe/fit-in/300x300/filters:fill(white)/product/80/834856/1.jpg?9309,hp,40,False,2026-04-18 13:15:20
Hp Pc Portable x360 ProBook  435 G8 Ryzen 7 Pro 5850U RAM 32Go DDR4 1Tb SSD QWERTY Tactile,550000,Hp,Jumia,https://www.jumia.ma/hp-pc-portable-x360-probook-435-g8-ryzen-7-pro-5850u-ram-32go-ddr4-1tb-ssd-qwerty-tactile-67730404.html,https://ma.jumia.is/unsafe/fit-in/300x300/filters:fill(white)/product/40/403776/1.jpg?9767,hp,40,False,2026-04-18 13:15:20
Hp Pc Portable EliteBook 840 G6 I5-8365U 8éme Génération RAM 16Go DDR4 256Gb SSD QWERTY - REMIS A NEUF,300000,Hp,Jumia,https://www.jumia.ma/hp-pc-portable-elitebook-840-g6-i5-8365u-8eme-generation-ram-16go-ddr4-256gb-ssd-qwerty-remis-a-neuf-66378869.html,https://ma.jumia.is/unsafe/fit-in/300x300/filters:fill(white)/product/96/887366/1.jpg?6414,hp,40,False,2026-04-18 13:15:20
"Hp EliteBook 840 G6 Core i5-8ème Génération 16Go DDR4, 256Go SSD 14 Pouces - Remis à Neuf",300000,Hp,Jumia,https://www.jumia.ma/hp-elitebook-840-g6-core-i5-8eme-generation-16go-ddr4-256go-ssd-14-pouces-remis-a-neuf-62988509.html,https://ma.jumia.is/unsafe/fit-in/300x300/filters:fill(white)/product/90/588926/1.jpg?6340,hp,40,False,2026-04-18 13:15:20
"Hp Pc Portable  EliteBook  820 G1 - 12,5"" - Core i5 - 1.9 GHz  - 500 Go- 4Go – Reconditionné",289900,Hp,Jumia,https://www.jumia.ma/pc-portable-elitebook-820-g1-125-core-i5-1.9-ghz-500-go-4go-reconditionne-hp-mpg1099632.html,https://ma.jumia.is/unsafe/fit-in/300x300/filters:fill(white)/product/02/716272/1.jpg?4245,hp,40,False,2026-04-18 13:15:20
Hp EliteBook 820 G3 – 12.5” – Core i5 6ème Gén – 8GB RAM – 256GB SSD – QWERTY (Remis à neuf),335000,Hp,Jumia,https://www.jumia.ma/elitebook-820-g3-i5-6eme-generation-8go-ram-256go-ssd-remis-a-neuf-qwerty-hp-mpg1475858.html,https://ma.jumia.is/unsafe/fit-in/300x300/filters:fill(white)/product/72/276724/1.jpg?4197,hp,40,False,2026-04-18 13:15:20
"Hp ProBook 440 G8 - 14"" - Intel Core i5-1135G7 - 8 Go RAM - 256 Go SSD - Azerty",650000,Hp,Jumia,https://www.jumia.ma/hp-probook-440-g8-14-intel-core-i5-1135g7-8-go-ram-256-go-ssd-azerty-65214807.html,https://ma.jumia.is/unsafe/fit-in/300x300/filters:fill(white)/product/70/841256/1.jpg?7026,hp,41,False,2026-04-18 13:15:24
Hp PC PORTABLE ELITEBOOK 840 G5 CORE I5 8ÉME GÉN 16Go Ram 256 Go SSD-Remis à neuf,329900,Hp,Jumia,https://www.jumia.ma/hp-pc-portable-elitebook-840-g5-core-i5-8eme-gen-16go-ram-256-go-ssd-remis-a-neuf-62072221.html,https://ma.jumia.is/unsafe/fit-in/300x300/filters:fill(white)/product/12/227026/1.jpg?2203,hp,41,False,2026-04-18 13:15:24
Hp EliteBook 840 G8 Core i5 11éme RAM 16Gb SSD 256Gb Neuf,699900,Hp,Jumia,https://www.jumia.ma/hp-elitebook-840-g8-core-i5-11eme-ram-16gb-ssd-256gb-neuf-67710212.html,https://ma.jumia.is/unsafe/fit-in/300x300/filters:fill(white)/product/21/201776/1.jpg?9455,hp,41,False,2026-04-18 13:15:24
"Hp PC Portable  Probook 640 Core i3 -500Gb-RAM 8GB-14""-Garantie 6 mois- remis a neuf - AZERTY",199900,Hp,Jumia,https://www.jumia.ma/hp-pc-portable-probook-640-core-i3-500gb-ram-8gb-14-garantie-6-mois-remis-a-neuf-azerty-66595364.html,https://ma.jumia.is/unsafe/fit-in/300x300/filters:fill(white)/product/46/359566/1.jpg?7987,hp,41,False,2026-04-18 13:15:24
Hp ProBook 640 Core i3-6eme - 4Go RAM DDR4 - 128GB SSD Stockage -Remis à neuf - QWERTY,176000,Hp,Jumia,https://www.jumia.ma/probook-640-core-i3-6eme-4go-ram-ddr4-128gb-ssd-stockage-remis-a-neuf-qwerty-hp-mpg1413132.html,https://ma.jumia.is/unsafe/fit-in/300x300/filters:fill(white)/product/40/739316/1.jpg?3774,hp,41,False,2026-04-18 13:15:24
"Hp PC Portable Probook 640 Core i3 4eme 256Gb SSD 8GB RAM 14""- remis a neuf - AZERTY",199900,Hp,Jumia,https://www.jumia.ma/pc-portable-hp-probook-640-core-i3-4eme-256gb-ssd-8gb-ram-14-remis-a-neuf-azerty-hp-mpg1413187.html,https://ma.jumia.is/unsafe/fit-in/300x300/filters:fill(white)/product/45/302725/1.jpg?0242,hp,41,False,2026-04-18 13:15:24
"Hp PC PORTABLE  ProBook 650-G1- 4ème Génération- 15.6""- Core i3 - 4 GB RAM- 500 GB- Remis à neuf",199900,Hp,Jumia,https://www.jumia.ma/hp-pc-portable-probook-650-g1-4eme-generation-15.6-core-i3-4-gb-ram-500-gb-remis-a-neuf-38049850.html,https://ma.jumia.is/unsafe/fit-in/300x300/filters:fill(white)/product/05/894083/1.jpg?8644,hp,42,False,2026-04-18 13:15:27
Hp EliteBook 840 G5 – 14” – Core i5-6300U – 16GB RAM – 1TB SSD – QWERTY (Remis à neuf),560000,Hp,Jumia,https://www.jumia.ma/hp-elitebook-840-g5-14-core-i5-6300u-16gb-ram-1tb-ssd-qwerty-remis-a-neuf-65321901.html,https://ma.jumia.is/unsafe/fit-in/300x300/filters:fill(white)/product/10/912356/1.jpg?3324,hp,42,False,2026-04-18 13:15:27
Hp Ordinateur Portable 250 G9 – i3 (778N7ES),461000,Hp,Jumia,https://www.jumia.ma/hp-ordinateur-portable-250-g9-i3-778n7es-66972108.html,https://ma.jumia.is/unsafe/fit-in/300x300/filters:fill(white)/product/80/127966/1.jpg?5745,hp,42,False,2026-04-18 13:15:27
Hp Elitebook 820 G3 i5 6éme génération 8go Ram 256go SSD - AZERTY-Remis à neuf,199900,Hp,Jumia,https://www.jumia.ma/hp-elitebook-820-g3-i5-6eme-generation-8go-ram-256go-ssd-azerty-remis-a-neuf-67420387.html,https://ma.jumia.is/unsafe/fit-in/300x300/filters:fill(white)/product/78/302476/1.jpg?6390,hp,42,False,2026-04-18 13:15:27
"Hp EliteBook x360 1030 G2 - Core i5-7ème Gen - 8Go RAM + 256Go SSD - QWERTY - 13,3"" - Argent (Remis à Neuf)",369900,Hp,Jumia,https://www.jumia.ma/hp-elitebook-x360-1030-g2-core-i5-7eme-gen-8go-ram-256go-ssd-qwerty-133-argent-remis-a-neuf-65687851.html,https://ma.jumia.is/unsafe/fit-in/300x300/filters:fill(white)/product/15/878656/1.jpg?7386,hp,42,False,2026-04-18 13:15:27
Hp Pc Portable ProDesk 640 G2 core i5 6éme génération 8Go 256Go SSD 14″ QWERTY -REMIS A NEUF,220000,Hp,Jumia,https://www.jumia.ma/hp-pc-portable-prodesk-640-g2-core-i5-6eme-generation-8go-256go-ssd-14-qwerty-remis-a-neuf-65625680.html,https://ma.jumia.is/unsafe/fit-in/300x300/filters:fill(white)/product/08/652656/1.jpg?8363,hp,42,False,2026-04-18 13:15:27
"Hp Elitebook 840 G2 - Core i5-5200U - 16Go RAM + 256Go SSD - 14"" HD - Noir et Gris (Remis à Neuf)",299900,Hp,Jumia,https://www.jumia.ma/hp-elitebook-840-g2-core-i5-5200u-16go-ram-256go-ssd-14-hd-noir-et-gris-remis-a-neuf-60827150.html,https://ma.jumia.is/unsafe/fit-in/300x300/filters:fill(white)/product/05/172806/1.jpg?5109,hp,43,False,2026-04-18 13:15:30
"Hp PC Portable Probook 640 Core i3 4eme 250Gb 8GB RAM 14""- remis a neuf",199900,Hp,Jumia,https://www.jumia.ma/hp-pc-portable-probook-640-core-i3-4eme-250gb-8gb-ram-14-remis-a-neuf-61268066.html,https://ma.jumia.is/unsafe/fit-in/300x300/filters:fill(white)/product/66/086216/1.jpg?3753,hp,43,False,2026-04-18 13:15:30
Hp PC Portable 15-fc0076nk R7 16GB -512SSD -W11H,1194800,Hp,Jumia,https://www.jumia.ma/hp-pc-portable-15-fc0076nk-r7-16gb-512ssd-w11h-67586640.html,https://ma.jumia.is/unsafe/fit-in/300x300/filters:fill(white)/product/04/668576/1.jpg?2616,hp,43,False,2026-04-18 13:15:30
Hp Pc Bureau U5- 16Go -512Go SSD -Freedos,1400200,Hp,Jumia,https://www.jumia.ma/hp-pc-bureau-u5-16go-512go-ssd-freedos-67624636.html,https://ma.jumia.is/unsafe/fit-in/300x300/filters:fill(white)/product/63/642676/1.jpg?4788,hp,43,False,2026-04-18 13:15:30
Hp Ordinateur de bureau Z240 Workstation i3 6éme 8Go 500 Go - Remis à neuf,120000,Hp,Jumia,https://www.jumia.ma/ordinateur-de-bureau-z240-workstation-i3-6eme-8go-500-go-remis-a-neuf-hp-mpg1477810.html,https://ma.jumia.is/unsafe/fit-in/300x300/filters:fill(white)/product/13/092456/1.jpg?2104,hp,43,False,2026-04-18 13:15:30
"Hp PC Portable ProBook 640 - 14"" - Intel Core i5 - 8GB RAM + 512GB SSD - Windows - Remis à neuf",269900,Hp,Jumia,https://www.jumia.ma/hp-pc-portable-probook-640-14-intel-core-i5-8gb-ram-512gb-ssd-windows-remis-a-neuf-53897057.html,https://ma.jumia.is/unsafe/fit-in/300x300/filters:fill(white)/product/75/079835/1.jpg?8612,hp,44,False,2026-04-18 13:15:32
Hp ProDesk 600 G1 SFF Pc Bureau - P G3420 - RAM 4Go - 500Go SATA - Remis à neuf,115500,Hp,Jumia,https://www.jumia.ma/prodesk-600-g1-sff-pc-bureau-p-g3420-ram-4go-500go-sata-remis-a-neuf-hp-mpg1399419.html,https://ma.jumia.is/unsafe/fit-in/300x300/filters:fill(white)/product/02/285554/1.jpg?6414,hp,44,False,2026-04-18 13:15:32
Hp Victus 16-R1011Nk I7 14e Gén - RAM 16 Go + SSD 512 Go - Bu6Y1Ea,1900500,Hp,Jumia,https://www.jumia.ma/hp-victus-16-r1011nk-i7-14e-gen-ram-16-go-ssd-512-go-bu6y1ea-67276540.html,https://ma.jumia.is/unsafe/fit-in/300x300/filters:fill(white)/product/04/567276/1.jpg?4296,hp,44,False,2026-04-18 13:15:32
Hp PC bureau Pro 290 U3 -8GB -512SSD -DOS,761300,Hp,Jumia,https://www.jumia.ma/pc-bureau-pro-290-u3-8gb-512ssd-dos-hp-mpg1566273.html,https://ma.jumia.is/unsafe/fit-in/300x300/filters:fill(white)/product/09/689576/1.jpg?4759,hp,44,False,2026-04-18 13:15:32
"Hp EliteBook 830 G6 Core i7-8565U 32Go DDR4, 512Go SSD - Remis à neuf",499900,Hp,Jumia,https://www.jumia.ma/hp-elitebook-830-g6-core-i7-8565u-32go-ddr4-512go-ssd-remis-a-neuf-64223311.html,https://ma.jumia.is/unsafe/fit-in/300x300/filters:fill(white)/product/11/332246/1.jpg?8583,hp,44,False,2026-04-18 13:15:32
Hp ProBook 460 G11 Ultra 5 125u 16GB 512G SSD,1180000,Hp,Jumia,https://www.jumia.ma/hp-probook-460-g11-ultra-5-125u-16gb-512g-ssd-66360534.html,https://ma.jumia.is/unsafe/fit-in/300x300/filters:fill(white)/product/43/506366/1.jpg?5232,hp,45,False,2026-04-18 13:15:36
Hp Elitebook 820 G3 i5 6éme génération 8go Ram 256go SSD (Remis à neuf) - QWERTY,945500,Hp,Jumia,https://www.jumia.ma/hp-elitebook-820-g3-i5-6eme-generation-8go-ram-256go-ssd-remis-a-neuf-qwerty-41924370.html,https://ma.jumia.is/unsafe/fit-in/300x300/filters:fill(white)/product/07/342914/1.jpg?9140,hp,45,False,2026-04-18 13:15:36
"Hp PC Portable EliteBook 840 G2 - 14"" - 8GB + 256GB - Intel Core i5 5ème Génération - Remis à neuf",199900,Hp,Jumia,https://www.jumia.ma/hp-pc-portable-elitebook-840-g2-14-8gb-256gb-intel-core-i5-5eme-generation-remis-a-neuf-38398059.html,https://ma.jumia.is/unsafe/fit-in/300x300/filters:fill(white)/product/95/089383/1.jpg?2837,hp,45,False,2026-04-18 13:15:36
Hp EliteBook 820 - G3 - Core i5 6ème Génération - Remis à Neuf,650000,Hp,Jumia,https://www.jumia.ma/hp-elitebook-820-g3-core-i5-6eme-generation-remis-a-neuf-44039019.html,https://ma.jumia.is/unsafe/fit-in/300x300/filters:fill(white)/product/91/093044/1.jpg?5060,hp,45,False,2026-04-18 13:15:36
"Hp PC Portable EliteBook X360 G3 - 14"" - Intel Core i5 8ème Génération - 8GB RAM + 512GB SSD - Windows - Tactile - Remis à neuf",379900,Hp,Jumia,https://www.jumia.ma/hp-pc-portable-elitebook-x360-g3-14-intel-core-i5-8eme-generation-8gb-ram-512gb-ssd-windows-tactile-remis-a-neuf-62037512.html,"data:image/svg+xml,%3Csvg xmlns='http://www.w3.org/2000/svg' width='1' height='1'/%3E",hp,45,False,2026-04-18 13:15:36
Hp Ordinateur de bureau Prodesk 600 g2 i5 6éme 8Go 500 Go - Remis à neuf,128900,Hp,Jumia,https://www.jumia.ma/ordinateur-de-bureau-prodesk-600-g2-i5-6eme-8go-500-go-remis-a-neuf-hp-mpg1471082.html,https://ma.jumia.is/unsafe/fit-in/300x300/filters:fill(white)/product/70/822456/1.jpg?5910,hp,45,False,2026-04-18 13:15:36
Hp Ordinateur ProOne 240 G10 i3,886600,Hp,Jumia,https://www.jumia.ma/hp-ordinateur-proone-240-g10-i3-67604414.html,https://ma.jumia.is/unsafe/fit-in/300x300/filters:fill(white)/product/41/440676/1.jpg?5992,hp,45,False,2026-04-18 13:15:36
Hp EliteBook 840 G3 – 14” – Core i7-6600U – 8GB RAM – 256GB SSD – QWERTY (Remis à neuf),336000,Hp,Jumia,https://www.jumia.ma/hp-elitebook-840-g3-14-core-i7-6600u-8gb-ram-256gb-ssd-qwerty-remis-a-neuf-45584889.html,https://ma.jumia.is/unsafe/fit-in/300x300/filters:fill(white)/product/98/848554/1.jpg?0863,hp,45,False,2026-04-18 13:15:36
Hp Victus 16-E1007Nk avec processeur Ryzen 7 Gaming (C24U1Ea),1795500,Hp,Jumia,https://www.jumia.ma/hp-victus-16-e1007nk-avec-processeur-ryzen-7-gaming-c24u1ea-67276177.html,https://ma.jumia.is/unsafe/fit-in/300x300/filters:fill(white)/product/77/167276/1.jpg?2875,hp,45,True,2026-04-18 13:15:36
Hp PC Portable EliteBook i5 RAM 8 Go 256 Go SSD 6ème Génération -Remis a Neuf - AZERTY,359900,Hp,Jumia,https://www.jumia.ma/hp-pc-portable-elitebook-i5-ram-8-go-256-go-ssd-6eme-generation-remis-a-neuf-azerty-63613073.html,https://ma.jumia.is/unsafe/fit-in/300x300/filters:fill(white)/product/37/031636/1.jpg?4423,hp,46,False,2026-04-18 13:15:39
"Hp PC Portable Probook 640 Core i5- 256Gb SSD- 8GB RAM -14""- remis a neuf",239900,Hp,Jumia,https://www.jumia.ma/hp-pc-portable-probook-640-core-i5-256gb-ssd-8gb-ram-14-remis-a-neuf-53897056.html,https://ma.jumia.is/unsafe/fit-in/300x300/filters:fill(white)/product/65/079835/1.jpg?8550,hp,46,False,2026-04-18 13:15:39
Hp Pc Portable Gaming Victus -R7 -16GB -1TB -W11H,1684500,Hp,Jumia,https://www.jumia.ma/pc-portable-gaming-victus-r7-16gb-1tb-w11h-hp-mpg1590815.html,https://ma.jumia.is/unsafe/fit-in/300x300/filters:fill(white)/product/52/343776/1.jpg?9679,hp,46,True,2026-04-18 13:15:39
Hp Ordinateur tout-en-un AI 27-cr2018nk,1320720,Hp,Jumia,https://www.jumia.ma/hp-ordinateur-tout-en-un-ai-27-cr2018nk-67603073.html,https://ma.jumia.is/unsafe/fit-in/300x300/filters:fill(white)/product/37/030676/1.jpg?5871,hp,46,False,2026-04-18 13:15:39
"Hp Macbook air HD 13,3"" -2017-INTEL CORE i7-RAM 4Go-SSD 128Go -QUERTY-remis a neuf/",209900,Hp,Jumia,https://www.jumia.ma/hp-macbook-air-hd-133-2017-intel-core-i7-ram-4go-ssd-128go-querty-remis-a-neuf-65620900.html,https://ma.jumia.is/unsafe/fit-in/300x300/filters:fill(white)/product/00/902656/1.jpg?0233,hp,46,False,2026-04-18 13:15:39
Hp PC portable Pavilion 16-af0006nk,1230400,Hp,Jumia,https://www.jumia.ma/hp-pc-portable-pavilion-16-af0006nk-67586600.html,https://ma.jumia.is/unsafe/fit-in/300x300/filters:fill(white)/product/00/668576/1.jpg?2558,hp,46,False,2026-04-18 13:15:39
"Hp EliteBook 1040 G3 Intel Core i5-6300U/8 Go/256 SSD/14"" Full HD -Remis a neuf",235000,Hp,Jumia,https://www.jumia.ma/hp-elitebook-1040-g3-intel-core-i5-6300u8-go256-ssd14-full-hd-remis-a-neuf-67053689.html,https://ma.jumia.is/unsafe/fit-in/300x300/filters:fill(white)/product/98/635076/1.jpg?9430,hp,46,False,2026-04-18 13:15:39
Hp barrette mémoire dimm 4gb ddr4 3200 mhz pc bureau (13l78aa),76100,Hp,Jumia,https://www.jumia.ma/hp-barrette-memoire-dimm-4gb-ddr4-3200-mhz-pc-bureau-13l78aa-65311420.html,https://ma.jumia.is/unsafe/fit-in/300x300/filters:fill(white)/product/02/411356/1.jpg?9934,hp,46,False,2026-04-18 13:15:39
"Hp PC Portable Probook 640 Core intel i3-500Go-RAM 8GB 14""- remis a neuf",199900,Hp,Jumia,https://www.jumia.ma/hp-pc-portable-probook-640-core-intel-i3-500go-ram-8gb-14-remis-a-neuf-62931694.html,https://ma.jumia.is/unsafe/fit-in/300x300/filters:fill(white)/product/49/613926/1.jpg?9950,hp,46,False,2026-04-18 13:15:39
"Hp PC Portable ProBook 640 - 14"" - Intel Core i5 - 8GB RAM + 512GB SSD - Windows - AZERTY - Remis à neuf",249900,Hp,Jumia,https://www.jumia.ma/hp-pc-portable-probook-640-14-intel-core-i5-8gb-ram-512gb-ssd-windows-azerty-remis-a-neuf-53933175.html,https://ma.jumia.is/unsafe/fit-in/300x300/filters:fill(white)/product/57/133935/1.jpg?8645,hp,46,False,2026-04-18 13:15:39
"Hp EliteBook 840 G7 - Core i5-10310U – 14"" – 16Go RAM - 256Go SSD - 10ème Gen - QWERTY - Remis à Neuf - Gris",479900,Hp,Jumia,https://www.jumia.ma/hp-elitebook-840-g7-core-i5-10310u-14-16go-ram-256go-ssd-10eme-gen-qwerty-remis-a-neuf-gris-65788418.html,https://ma.jumia.is/unsafe/fit-in/300x300/filters:fill(white)/product/81/488756/1.jpg?6266,hp,47,False,2026-04-18 13:15:42
Hp Victus Gaming 16 – I5 14e - 16 Go + 512 Go SSD - Bu6L7Ea,1480500,Hp,Jumia,https://www.jumia.ma/hp-victus-gaming-16-i5-14e-16go-512go-ssd-bu6l7ea-67276159.html,https://ma.jumia.is/unsafe/fit-in/300x300/filters:fill(white)/product/95/167276/1.jpg?2857,hp,47,True,2026-04-18 13:15:42
Hp ProBook 445 G10 AMD R5 7530u 16GB 512G SSD,1142000,Hp,Jumia,https://www.jumia.ma/hp-probook-445-g10-amd-r5-7530u-16gb-512g-ssd-67524198.html,https://ma.jumia.is/unsafe/fit-in/300x300/filters:fill(white)/product/89/142576/1.jpg?4346,hp,47,False,2026-04-18 13:15:42
Hp EliteBook 840 G7 – Intel Core i5-10310U – 16Go RAM – 256Go SSD NVMe – Intel UHD Graphics 620 (Remis à neuf),358000,Hp,Jumia,https://www.jumia.ma/hp-elitebook-840-g7-intel-core-i5-10310u-16go-ram-256go-ssd-nvme-intel-uhd-graphics-620-remis-a-neuf-67722409.html,https://ma.jumia.is/unsafe/fit-in/300x300/filters:fill(white)/product/90/422776/1.jpg?9238,hp,47,False,2026-04-18 13:15:42
"Hp PC PORTABLE  ProBook 650-G1-4ème Génération- 15.6""- Core i5 4200M - 4 GB RAM- 500 GB- Remis à neuf",199900,Hp,Jumia,https://www.jumia.ma/hp-pc-portable-probook-650-g1-4eme-generation-15.6-core-i5-4200m-4-gb-ram-500-gb-remis-a-neuf-37226052.html,https://ma.jumia.is/unsafe/fit-in/300x300/filters:fill(white)/product/25/062273/1.jpg?2821,hp,47,False,2026-04-18 13:15:42
Hp EliteBook 840 G7 - Intel i7 10ème Gen RAM 16GB- SSD 256GB - Remis a neuf,420000,Hp,Jumia,https://www.jumia.ma/hp-elitebook-840-g7-intel-i7-10eme-gen-ram-16gb-ssd-256gb-remis-a-neuf-67756298.html,https://ma.jumia.is/unsafe/fit-in/300x300/filters:fill(white)/product/89/265776/1.jpg?2881,hp,47,False,2026-04-18 13:15:42
Hp PC Portable EliteBook I5-8265U RAM 8GB 256GB SSD 14'' -Remis à Neuf,349900,Hp,Jumia,https://www.jumia.ma/hp-pc-portable-elitebook-i5-8265u-ram-8gb-256gb-ssd-14-remis-a-neuf-66022103.html,https://ma.jumia.is/unsafe/fit-in/300x300/filters:fill(white)/product/30/122066/1.jpg?2776,hp,48,False,2026-04-18 13:15:45
Hp PC Portable EliteBook I5 RAM 8GB 256GB SSD 14'' -Remis à Neuf,349999,Hp,Jumia,https://www.jumia.ma/hp-pc-portable-elitebook-i5-ram-8gb-256gb-ssd-14-remis-a-neuf-67526186.html,https://ma.jumia.is/unsafe/fit-in/300x300/filters:fill(white)/product/68/162576/1.jpg?7831,hp,48,False,2026-04-18 13:15:45
Hp ProBook 640 - G2 6éme Génération - Core i3 8 Go RAM DDR4 - 500 Go - Remis à Neuf,290000,Hp,Jumia,https://www.jumia.ma/hp-probook-640-g2-6eme-generation-core-i3-8-go-ram-ddr4-500-go-remis-a-neuf-59821198.html,https://ma.jumia.is/unsafe/fit-in/300x300/filters:fill(white)/product/89/112895/1.jpg?2225,hp,48,False,2026-04-18 13:15:45
Hp Pc portable ELITEBOOK 8 FLIP G1i 13 U7 255U 32Gb 512G,1800000,Hp,Jumia,https://www.jumia.ma/hp-pc-portable-elitebook-8-flip-g1i-13-u7-255u-32gb-512g-67715557.html,https://ma.jumia.is/unsafe/fit-in/300x300/filters:fill(white)/product/75/551776/1.jpg?0915,hp,48,False,2026-04-18 13:15:45
Hp EliteDesk 800 G4 Mini PC  i5 8eme génération RAM 8GB SSD 256GB - Remis a neuf,190000,Hp,Jumia,https://www.jumia.ma/hp-elitedesk-800-g4-mini-pc-i5-8eme-generation-ram-8gb-ssd-256gb-remis-a-neuf-67763539.html,https://ma.jumia.is/unsafe/fit-in/300x300/filters:fill(white)/product/93/536776/1.jpg?8511,hp,48,False,2026-04-18 13:15:45
"Hp Pc Portable EliteBook Folio 4ème G Intel Core i5 8Go 256Go SSD 14""-Remix à neuf",450000,Hp,Jumia,https://www.jumia.ma/hp-pc-portable-elitebook-folio-4eme-g-intel-core-i5-8go-256go-ssd-14-remix-a-neuf-38887658.html,https://ma.jumia.is/unsafe/fit-in/300x300/filters:fill(white)/product/85/678883/1.jpg?4269,hp,48,False,2026-04-18 13:15:45
Hp Pc Portable 15-Fd0378Nk - 16 Go + SSD 512 Go - Bu8J5Ea,818000,Hp,Jumia,https://www.jumia.ma/hp-pc-portable-15-fd0378nk-16-go-ssd-512-go-bu8j5ea-67276131.html,https://ma.jumia.is/unsafe/fit-in/300x300/filters:fill(white)/product/13/167276/1.jpg?2827,hp,48,False,2026-04-18 13:15:45
"Hp PC Portable Probook 640 Core i5 -500Gb-RAM 8GB-14""- remis a neuf - AZERTY",199900,Hp,Jumia,https://www.jumia.ma/hp-pc-portable-probook-640-core-i5-500gb-ram-8gb-14-remis-a-neuf-azerty-62172915.html,https://ma.jumia.is/unsafe/fit-in/300x300/filters:fill(white)/product/51/927126/3.jpg?3409,hp,48,False,2026-04-18 13:15:45
"Hp EliteBook 830 G5 Core i5-8350U 16Go DDR4, 256Go SSD - Remis à neuf",329900,Hp,Jumia,https://www.jumia.ma/elitebook-830-g5-core-i5-8350u-16-go-ddr4-256go-ssd-remis-a-neuf-hp-mpg1413195.html,https://ma.jumia.is/unsafe/fit-in/300x300/filters:fill(white)/product/15/472806/1.jpg?2123,hp,49,False,2026-04-18 13:15:48
Hp Imprimante multifonction à réservoirs  - Smart Tank 500 ALL IN ONE,217900,Hp,Jumia,https://www.jumia.ma/hp-imprimante-multifonction-a-reservoirs-smart-tank-500-all-in-one-61374474.html,https://ma.jumia.is/unsafe/fit-in/300x300/filters:fill(white)/product/47/447316/1.jpg?0204,hp,49,False,2026-04-18 13:15:48
Hp Pc portable EliteBook 6 G1i 16 -U5 -16GB -512GB -W11P,1987800,Hp,Jumia,https://www.jumia.ma/pc-portable-elitebook-6-g1i-16-u5-16gb-512gb-w11p-hp-mpg1572538.html,https://ma.jumia.is/unsafe/fit-in/300x300/filters:fill(white)/product/38/454676/1.jpg?6026,hp,49,False,2026-04-18 13:15:48
"Hp EliteBook 840 G3 i5-6200U, 8Go DDR4, 256Go SSD,14""  Remis a Neuf",249900,Hp,Jumia,https://www.jumia.ma/hp-elitebook-840-g3-i5-6200u-8go-ddr4-256go-ssd14-remis-a-neuf-42756305.html,https://ma.jumia.is/unsafe/fit-in/300x300/filters:fill(white)/product/50/365724/1.jpg?8750,hp,49,False,2026-04-18 13:15:48
Hp PC Portable EliteBook 830 G6 I5-8265U 8GB 256GB SSD 14'' -Remis à Neuf,349900,Hp,Jumia,https://www.jumia.ma/hp-pc-portable-elitebook-830-g6-i5-8265u-8gb-256gb-ssd-14-remis-a-neuf-66017349.html,https://ma.jumia.is/unsafe/fit-in/300x300/filters:fill(white)/product/94/371066/1.jpg?0129,hp,49,False,2026-04-18 13:15:48
"Hp PC Portable EliteBook 840 G2 - 14"" - Intel Core i5 - 4GB RAM + 256GB SSD - Windows - Remis à neuf",199900,Hp,Jumia,https://www.jumia.ma/pc-portable-elitebook-840-g2-5eme-generation-vpro-core-i5-5300u-23ghz-turbo-2.9ghz-4gb-256g-ssd-remise-a-neuf-hp-mpg1127968.html,https://ma.jumia.is/unsafe/fit-in/300x300/filters:fill(white)/product/54/853273/1.jpg?2885,hp,49,False,2026-04-18 13:15:48
Hp EliteBook 845 G10 AMD R5 7540u 16GB 256G SSD,1511500,Hp,Jumia,https://www.jumia.ma/hp-elitebook-845-g10-amd-r5-7540u-16gb-256g-ssd-66124350.html,https://ma.jumia.is/unsafe/fit-in/300x300/filters:fill(white)/product/05/342166/1.jpg?7167,hp,49,False,2026-04-18 13:15:48
Hp Ordinateur portable 250 G9 i3-1215U - 4Go + 256Go SSD - (85A36EA),384900,Hp,Jumia,https://www.jumia.ma/hp-ordinateur-portable-250-g9-i3-1215u-4go-256go-ssd-85a36ea-67296173.html,https://ma.jumia.is/unsafe/fit-in/300x300/filters:fill(white)/product/37/169276/1.jpg?5725,hp,49,False,2026-04-18 13:15:48
Hp PC Portable OmniBook 7 Aero RZ 7 16GB 1Tb W11H,1480900,Hp,Jumia,https://www.jumia.ma/hp-pc-portable-omnibook-7-aero-rz-7-16gb-1tb-w11h-67586555.html,https://ma.jumia.is/unsafe/fit-in/300x300/filters:fill(white)/product/55/568576/1.jpg?2499,hp,49,False,2026-04-18 13:15:48
Hp EliteBook 6 G1ah 14 AMD R5 Pro 215W 16GB 512G SSD,1523000,Hp,Jumia,https://www.jumia.ma/hp-elitebook-6-g1ah-14-amd-r5-pro-215w-16gb-512g-ssd-67524164.html,https://ma.jumia.is/unsafe/fit-in/300x300/filters:fill(white)/product/46/142576/1.jpg?2725,hp,50,False,2026-04-18 13:15:51
Hp Pc Portable 14-ep1030nk -U5 -16GB -512GB -W11H,1020300,Hp,Jumia,https://www.jumia.ma/pc-portable-14-ep1030nk-u5-16gb-512gb-w11h-hp-mpg1574790.html,https://ma.jumia.is/unsafe/fit-in/300x300/filters:fill(white)/product/19/525676/1.jpg?0287,hp,50,False,2026-04-18 13:15:51
"Hp Ultraportable EliteBook 840 G3 - 14"" - 8GB + 500GB - Intel Core i5 6ème Génération - Remis à neuf",297900,Hp,Jumia,https://www.jumia.ma/hp-ultraportable-elitebook-840-g3-14-8gb-500gb-intel-core-i5-6eme-generation-remis-a-neuf-38876010.html,"data:image/svg+xml,%3Csvg xmlns='http://www.w3.org/2000/svg' width='1' height='1'/%3E",hp,50,False,2026-04-18 13:15:51
Hp EliteBook 645 G11 AMD R5 7535U 16GB 512G SSD,1396000,Hp,Jumia,https://www.jumia.ma/hp-elitebook-645-g11-amd-r5-7535u-16gb-512g-ssd-67524351.html,https://ma.jumia.is/unsafe/fit-in/300x300/filters:fill(white)/product/15/342576/1.jpg?8468,hp,50,False,2026-04-18 13:15:51
Hp ORDINATEUR PORTABLE 15s-eq3000nk (6D6Y2EA),699000,Hp,Jumia,https://www.jumia.ma/hp-ordinateur-portable-15s-eq3000nk-6d6y2ea-64873370.html,https://ma.jumia.is/unsafe/fit-in/300x300/filters:fill(white)/product/07/337846/1.jpg?6453,hp,50,False,2026-04-18 13:15:51
