title,price,brand,source,link,image,search_query,page,is_gaming,date_scraped,brand_detected,ram_gb,storage_gb,price_category,log_price,price_per_gb_ram,price_scaled,log_price_scaled,cluster_id,cluster,anomaly_iqr,anomaly_iqr_type,anomaly_zscore,zscore_value,anomaly_zscore_type,anomaly_iforest,anomaly_iforest_score
Lenovo ThinkCentre Intel® Core™ i3 i3-7100T 8 Go DDR4-SDRAM 128 Go SSD Windows 10 Pro Mini PC Noir - Remis a Neuf -,1050.0,Lenovo,Jumia,https://www.jumia.ma/lenovo-thinkcentre-intelr-coretm-i3-i3-7100t-8-go-ddr4-sdram-128-go-ssd-windows-10-pro-mini-pc-noir-remis-a-neuf-67703128.html,https://ma.jumia.is/unsafe/fit-in/300x300/filters:fill(white)/product/82/130776/1.jpg?0934,desktop pc,40,False,2026-04-17 12:03:48,Lenovo,8.0,128.0,entrée_de_gamme,3.0211892990699383,131.25,-0.5137931034482759,-1.259027194206846,4,Entrée de gamme,False,normal,False,1.9858,normal,True,-0.6192
Lenovo Ordinateur de Bureau V520s SFF I5 6 th 256 SSD 8 Go RAM,1299.0,Lenovo,Jumia,https://www.jumia.ma/lenovo-ordinateur-de-bureau-v520s-sff-i5-6-th-256-ssd-8-go-ram-65643519.html,https://ma.jumia.is/unsafe/fit-in/300x300/filters:fill(white)/product/91/534656/1.jpg?6601,ordinateur portable,29,False,2026-04-17 11:41:28,Lenovo,8.0,8.0,entrée_de_gamme,3.1136091510730277,162.375,-0.4966206896551724,-1.1309107977109787,5,Milieu de gamme bas,False,normal,False,1.7811,normal,True,-0.6493
"DELL LATITUDE E5540 CORE I3-4030U (1,90Ghz)- RAM 4Go - 128Go SSD - Remis à Neuf",1299.0,DELL,Jumia,https://www.jumia.ma/dell-latitude-e5540-core-i3-4030u-190ghz-ram-4go-128go-ssd-remis-a-neuf-41368323.html,https://ma.jumia.is/unsafe/fit-in/300x300/filters:fill(white)/product/32/386314/1.jpg?5088,dell latitude,1,False,2026-04-17 11:59:47,Dell,4.0,128.0,entrée_de_gamme,3.1136091510730277,324.75,-0.4966206896551724,-1.1309107977109787,4,Entrée de gamme,False,normal,False,1.7811,normal,True,-0.6527
"DELL Ultrabook E7240 - 12.5"" - Intel Core i5 4ème Génération - 4GB RAM + 128GB SSD - Windows - AZERTY - Remis à neuf",1699.0,DELL,Jumia,https://www.jumia.ma/dell-ultrabook-e7240-12.5-intel-core-i5-4eme-generation-4gb-ram-128gb-ssd-windows-azerty-remis-a-neuf-44511398.html,https://ma.jumia.is/unsafe/fit-in/300x300/filters:fill(white)/product/89/311544/1.jpg?2801,ultrabook,1,False,2026-04-17 11:45:22,Dell,4.0,128.0,entrée_de_gamme,3.230193378869046,424.75,-0.4690344827586207,-0.9692966982534308,4,Entrée de gamme,False,normal,False,1.5228,normal,True,-0.6209
Hp ProBook 640 Core i3-6eme - 4Go RAM DDR4 - 128GB SSD Stockage -Remis à neuf - QWERTY,1760.0,Hp,Jumia,https://www.jumia.ma/probook-640-core-i3-6eme-4go-ram-ddr4-128gb-ssd-stockage-remis-a-neuf-qwerty-hp-mpg1413132.html,https://ma.jumia.is/unsafe/fit-in/300x300/filters:fill(white)/product/40/739316/1.jpg?3774,hp probook,2,False,2026-04-17 11:59:04,HP,4.0,128.0,entrée_de_gamme,3.24551266781415,440.0,-0.46482758620689657,-0.9480604372771623,4,Entrée de gamme,False,normal,False,1.4888,normal,True,-0.6146
"Hp Chromebook 11A G5 - 12"" HD - Intel Celeron N3060 - 4GB-16 GB eMMC-REMIS A NEUF",2199.0,Hp,Jumia,https://www.jumia.ma/hp-chromebook-11a-g5-12-hd-intel-celeron-n3060-4gb-16-gb-emmc-remis-a-neuf-67581303.html,https://ma.jumia.is/unsafe/fit-in/300x300/filters:fill(white)/product/30/318576/1.jpg?9652,chromebook,1,False,2026-04-17 11:45:35,HP,4.0,16.0,entrée_de_gamme,3.3422252293607904,549.75,-0.43455172413793103,-0.8139933011295502,5,Milieu de gamme bas,False,normal,False,1.2745,normal,True,-0.6494
"Sandisk SSD Plus SSD 2To, Disque SSD Interne, SATA III 2.5"",Vitesse de lecture jusqu'à 545MB/s,Mettez votre ordinateur à niveau avec un disque SSD rapide, avec des démarrage et des arrêts plus rapides",2290.0,Sandisk,Jumia,https://www.jumia.ma/sandisk-ssd-plus-ssd-2to-disque-ssd-interne-sata-iii-2.5vitesse-de-lecture-jusqua-545mbsmettez-votre-ordinateur-a-niveau-avec-un-disque-ssd-rapide-avec-des-demarrage-et-des-arrets-plus-rapides-67584402.html,https://ma.jumia.is/unsafe/fit-in/300x300/filters:fill(white)/product/20/448576/1.jpg?1439,ordinateur portable,41,False,2026-04-17 11:42:10,Sandisk,,2000.0,entrée_de_gamme,3.359835482339888,,-0.4282758620689655,-0.7895812067130045,3,Cluster 6,False,normal,False,1.2355,normal,True,-0.7135
SK Hynix RAM PC PORTABLE DDR4 32GB 3200MHZ,2800.0,SK,Jumia,https://www.jumia.ma/sk-hynix-ram-pc-portable-ddr4-32gb-3200mhz-67645765.html,https://ma.jumia.is/unsafe/fit-in/300x300/filters:fill(white)/product/56/754676/1.jpg?8852,pc portable,26,False,2026-04-17 11:38:02,Sk,32.0,,entrée_de_gamme,3.4471580313422194,87.5,-0.3931034482758621,-0.6685309121222003,0,Haut de gamme,False,normal,False,1.0419,normal,True,-0.6179
Crucial SO-DIMM DDR4 32Go 3200MHz CL22 – Mémoire RAM Haute Performance pour PC & Laptop »,2989.0,Crucial,Jumia,https://www.jumia.ma/crucial-so-dimm-ddr4-32go-3200mhz-cl22-memoire-ram-haute-performance-pour-pc-laptop-67590000.html,https://ma.jumia.is/unsafe/fit-in/300x300/filters:fill(white)/product/00/009576/1.jpg?6832,laptop,12,False,2026-04-17 11:46:22,Crucial,32.0,,entrée_de_gamme,3.4755259150392805,93.40625,-0.3800689655172414,-0.6292061246797811,0,Haut de gamme,False,normal,False,0.979,normal,True,-0.6129
"Hp PC Chromebook 14-db0023dx - 14"" HD - AMD A4-9120C - 4GB-32GB eMMC-REMIS A NEUF",3299.0,Hp,Jumia,https://www.jumia.ma/hp-pc-chromebook-14-db0023dx-14-hd-amd-a4-9120c-4gb-32gb-emmc-remis-a-neuf-62648011.html,https://ma.jumia.is/unsafe/fit-in/300x300/filters:fill(white)/product/11/084626/1.jpg?4011,chromebook,1,False,2026-04-17 11:45:35,HP,4.0,32.0,entrée_de_gamme,3.518382315545344,824.75,-0.3586896551724138,-0.5697967285314626,5,Milieu de gamme bas,False,normal,False,0.884,normal,True,-0.6448
Lenovo PC GAMER XEON E3-1225 V5 16Go / 256Go + 1To / Qudro P600 2Go ( Remis à Neuf ),4199.0,Lenovo,Jumia,https://www.jumia.ma/lenovo-pc-gamer-xeon-e3-1225-v5-16go-256go-1to-qudro-p600-2go-remis-a-neuf-57358368.html,https://ma.jumia.is/unsafe/fit-in/300x300/filters:fill(white)/product/86/385375/1.jpg?5146,pc gamer,1,True,2026-04-17 11:54:18,Lenovo,16.0,1000.0,milieu_de_gamme_bas,3.6231458746379395,262.4375,-0.2966206896551724,-0.42456895133726713,2,Premium,False,normal,False,0.6518,normal,True,-0.6751
Hp PC PORTABLE ELITEBOOK 840 G5 8ÉME GÉN-CORE I5-32Go-1000Go SSD-AZERTY-Remise à neuf,4499.0,Hp,Jumia,https://www.jumia.ma/hp-pc-portable-elitebook-840-g5-8eme-gen-core-i5-32go-1000go-ssd-azerty-remise-a-neuf-66965297.html,https://ma.jumia.is/unsafe/fit-in/300x300/filters:fill(white)/product/79/256966/1.jpg?5047,pc portable,12,False,2026-04-17 11:36:52,HP,32.0,1000.0,milieu_de_gamme_bas,3.653115993165567,140.59375,-0.27593103448275863,-0.3830230766675556,2,Premium,False,normal,False,0.5854,normal,True,-0.744
"Hp EliteBook 830 G6 Core i7-8565U 32Go DDR4, 512Go SSD - Remis à neuf",4999.0,Hp,Jumia,https://www.jumia.ma/hp-elitebook-830-g6-core-i7-8565u-32go-ddr4-512go-ssd-remis-a-neuf-64223311.html,https://ma.jumia.is/unsafe/fit-in/300x300/filters:fill(white)/product/11/332246/1.jpg?8583,ultrabook,3,False,2026-04-17 11:45:29,HP,32.0,512.0,milieu_de_gamme_bas,3.69888313675259,156.21875,-0.24144827586206896,-0.3195786825553214,1,Milieu de gamme,False,normal,False,0.4839,normal,True,-0.6447
Hp EliteBook 830 G8 Core i7-1185G7 I 32Go I 512 Go NVMe I 13.3 IPS Full HD -Remis à Neuf,4999.0,Hp,Jumia,https://www.jumia.ma/hp-elitebook-830-g8-core-i7-1185g7-i-32go-i-512-go-nvme-i-13.3-ips-full-hd-remis-a-neuf-66018880.html,https://ma.jumia.is/unsafe/fit-in/300x300/filters:fill(white)/product/08/881066/1.jpg?1606,hp elitebook,4,False,2026-04-17 11:58:33,HP,32.0,512.0,milieu_de_gamme_bas,3.69888313675259,156.21875,-0.24144827586206896,-0.3195786825553214,1,Milieu de gamme,False,normal,False,0.4839,normal,True,-0.6447
"Acer Aspire 3 Ac315 I5-8256U, Linux, 4Go/1To, 15,6"" - Noir",5355.0,Acer,Jumia,https://www.jumia.ma/acer-aspire-3-ac315-i5-8256u-linux-4go1to-156-noir-67276356.html,https://ma.jumia.is/unsafe/fit-in/300x300/filters:fill(white)/product/65/367276/1.jpg?3050,acer aspire,1,False,2026-04-17 12:01:27,Acer,4.0,1000.0,milieu_de_gamme_bas,3.7287594751678745,1338.75,-0.21689655172413794,-0.2781628099338272,2,Premium,False,normal,False,0.4177,normal,True,-0.6984
"Hp EliteBook 830 G7 Core i7-10610U 32Go DDR4 , 512Go SSD Tactile - Remis à Neuf - QWERTY",5499.0,Hp,Jumia,https://www.jumia.ma/elitebook-830-g7-core-i7-10610u-32go-ddr4-512go-ssd-tactile-remis-a-neuf-qwerty-hp-mpg1413135.html,https://ma.jumia.is/unsafe/fit-in/300x300/filters:fill(white)/product/01/322206/1.jpg?2277,ultrabook,2,False,2026-04-17 11:45:26,HP,32.0,512.0,milieu_de_gamme_bas,3.7402837196818792,171.84375,-0.20696551724137932,-0.26218740370376536,1,Milieu de gamme,False,normal,False,0.3922,normal,True,-0.6507
Hp Pc Portable x360 ProBook 435 G8 Ryzen 7 Pro 5850U RAM 32Go DDR4 1Tb SSD QWERTY Tactile,5500.0,Hp,Jumia,https://www.jumia.ma/hp-pc-portable-x360-probook-435-g8-ryzen-7-pro-5850u-ram-32go-ddr4-1tb-ssd-qwerty-tactile-67730404.html,https://ma.jumia.is/unsafe/fit-in/300x300/filters:fill(white)/product/40/403776/1.jpg?9767,pc portable,29,False,2026-04-17 11:38:15,HP,32.0,,milieu_de_gamme_bas,3.7403626894942437,171.875,-0.20689655172413793,-0.26207793233400223,0,Haut de gamme,False,normal,False,0.392,normal,True,-0.6137
Hp EliteBook 840 G8 I5- 11éme Génération RAM 32Go DDR4 1 Tb SSD QWERTY - REMIS A NEUF,5500.0,Hp,Jumia,https://www.jumia.ma/hp-elitebook-840-g8-i5-11eme-generation-ram-32go-ddr4-1-tb-ssd-qwerty-remis-a-neuf-67726099.html,https://ma.jumia.is/unsafe/fit-in/300x300/filters:fill(white)/product/99/062776/1.jpg?6342,hp elitebook,4,False,2026-04-17 11:58:33,HP,32.0,,milieu_de_gamme_bas,3.7403626894942437,171.875,-0.20689655172413793,-0.26207793233400223,0,Haut de gamme,False,normal,False,0.392,normal,True,-0.6137
DELL ORDINATEUR PORTABLE Latitude 5420 11th i7 11 eme gen / 32 Gb / 512 SSD TACTILE,5500.0,DELL,Jumia,https://www.jumia.ma/dell-ordinateur-portable-latitude-5420-11th-i7-11-eme-gen-32-gb-512-ssd-tactile-67154595.html,https://ma.jumia.is/unsafe/fit-in/300x300/filters:fill(white)/product/59/545176/1.jpg?0423,ordinateur portable,19,False,2026-04-17 11:40:50,Dell,32.0,,milieu_de_gamme_bas,3.7403626894942437,171.875,-0.20689655172413793,-0.26207793233400223,0,Haut de gamme,False,normal,False,0.392,normal,True,-0.6137
"Hp EliteBook 830 G8 (tactile) , Core i7 (11éme Génération) , 32 Go Ram , 512 Go SSD M.2 NVMe",5850.0,Hp,Jumia,https://www.jumia.ma/hp-elitebook-830-g8-tactile-core-i7-11eme-generation-32-go-ram-512-go-ssd-m.2-nvme-66067526.html,https://ma.jumia.is/unsafe/fit-in/300x300/filters:fill(white)/product/62/576066/1.jpg?0045,hp elitebook,4,False,2026-04-17 11:58:33,HP,32.0,512.0,milieu_de_gamme_bas,3.7671558660821804,182.8125,-0.18275862068965518,-0.22493607200069252,1,Milieu de gamme,False,normal,False,0.3326,normal,True,-0.6527
Hp PC Portable ELITEBOOK 840 G8 - INTEL CORE I7-11ème GÉNÉRATION - 32GB - 512GB SSD - FHD - À NEUF,6299.0,Hp,Jumia,https://www.jumia.ma/pc-portable-elitebook-840-g8-intel-core-i7-11eme-generation-32gb-512gb-ssd-fhd-a-neuf-hp-mpg1536305.html,https://ma.jumia.is/unsafe/fit-in/300x300/filters:fill(white)/product/79/276276/1.jpg?0162,pc portable,8,False,2026-04-17 11:36:31,HP,32.0,512.0,milieu_de_gamme_bas,3.7992716083498728,196.84375,-0.15179310344827587,-0.1804158408928867,1,Milieu de gamme,False,normal,False,0.2614,normal,True,-0.6514
Hp EliteBook 840 G9 – Intel Core i7-1265U – 32Go RAM – 512Go SSD – Intel Iris Xe Graphics (Occasion comme neuf),7180.0,Hp,Jumia,https://www.jumia.ma/hp-elitebook-840-g9-intel-core-i7-1265u-32go-ram-512go-ssd-intel-iris-xe-graphics-occasion-comme-neuf-67722721.html,https://ma.jumia.is/unsafe/fit-in/300x300/filters:fill(white)/product/12/722776/1.jpg?1540,hp elitebook,5,False,2026-04-17 11:58:37,HP,32.0,512.0,milieu_de_gamme_bas,3.8561244442423,224.375,-0.0910344827586207,-0.10160398059186371,1,Milieu de gamme,False,normal,False,0.1353,normal,True,-0.6524
Hp EliteBook 840 G10 – Intel Core i7-1365U – 32Go RAM – 512Go SSD PCIe 4.0 – Intel Iris Xe Graphics (Occasion comme neuf),8150.0,Hp,Jumia,https://www.jumia.ma/hp-elitebook-840-g10-intel-core-i7-1365u-32go-ram-512go-ssd-pcie-4.0-intel-iris-xe-graphics-occasion-comme-neuf-67723314.html,https://ma.jumia.is/unsafe/fit-in/300x300/filters:fill(white)/product/41/332776/1.jpg?4103,pc portable hp,9,False,2026-04-17 11:50:40,HP,32.0,512.0,milieu_de_gamme,3.9111576087399764,254.6875,-0.02413793103448276,-0.0253146274886918,1,Milieu de gamme,False,normal,False,0.0133,normal,True,-0.6525
"Asus Pc portable Vivobook 15 X1504VA - intel® Core™ i7 - RAM: 16Go / 1To SSD - 15.6""",8290.0,Asus,Jumia,https://www.jumia.ma/asus-pc-portable-vivobook-15-x1504va-intelr-coretm-i7-ram-16go-1to-ssd-15.6-67622196.html,https://ma.jumia.is/unsafe/fit-in/300x300/filters:fill(white)/product/69/122676/1.jpg?4355,pc portable,18,False,2026-04-17 11:37:25,Asus,16.0,1000.0,milieu_de_gamme,3.9185545305502734,518.125,-0.014482758620689656,-0.015060694519125343,2,Premium,False,normal,False,0.0031,normal,True,-0.677
"DELL Inspiron i5630 - i7-1360P - 16 Go RAM - 1 To SSD NVMe - 16"" FHD - Azerty",9200.0,DELL,Jumia,https://www.jumia.ma/dell-inspiron-i5630-i7-1360p-16-go-ram-1-to-ssd-nvme-16-fhd-azerty-65183529.html,https://ma.jumia.is/unsafe/fit-in/300x300/filters:fill(white)/product/92/538156/1.jpg?2069,pc portable,24,False,2026-04-17 11:37:54,Dell,16.0,1000.0,milieu_de_gamme,3.963787827345555,575.0,0.04827586206896552,0.04764365807868926,2,Premium,False,normal,False,0.1033,normal,True,-0.6778
"Msi PC Gamer MPG Trident 3 - i7-11700F, 16 Go RAM, SSD 1 To, RTX 3060 12 Go, Noir",12000.0,Msi,Jumia,https://www.jumia.ma/msi-pc-gamer-mpg-trident-3-i7-11700f-16-go-ram-ssd-1-to-rtx-3060-12-go-noir-66081113.html,https://ma.jumia.is/unsafe/fit-in/300x300/filters:fill(white)/product/31/118066/1.jpg?0485,pc portable,8,True,2026-04-17 11:36:31,MSI,16.0,1000.0,milieu_de_gamme,4.079181246047625,750.0,0.2413793103448276,0.20760700646139205,2,Premium,False,normal,False,0.3592,normal,True,-0.6701
Acer PC Portable TravelMate P2 15 U7 -16GB -1To SSD -DOS,13263.0,Acer,Jumia,https://www.jumia.ma/pc-portable-travelmate-p2-15-u7-16gb-1to-ssd-dos-acer-mpg1572966.html,https://ma.jumia.is/unsafe/fit-in/300x300/filters:fill(white)/product/82/924676/1.jpg?1709,pc portable acer,1,False,2026-04-17 11:51:23,Acer,16.0,1000.0,milieu_de_gamme,4.122641769625536,828.9375,0.32848275862068965,0.26785386414343576,2,Premium,False,normal,False,0.4555,normal,True,-0.6642
Asus PC portable Zenbook A14 16 Go -1 To SSD -W11H,13447.0,Asus,Jumia,https://www.jumia.ma/asus-pc-portable-zenbook-a14-16-go-1-to-ssd-w11h-67586595.html,https://ma.jumia.is/unsafe/fit-in/300x300/filters:fill(white)/product/59/568576/1.jpg?2551,pc portable,18,False,2026-04-17 11:37:25,Asus,16.0,1000.0,milieu_de_gamme,4.12862540487595,840.4375,0.3411724137931034,0.2761486381515463,2,Premium,False,normal,False,0.4688,normal,True,-0.6627
Asus Zenbook ux3407qa purwa se 14'' OLED WUXGA non-tactile 16 Go 1 To SSD Windows 11 Home gris islande 24 mois,13447.0,Asus,Jumia,https://www.jumia.ma/asus-zenbook-ux3407qa-purwa-se-14-oled-wuxga-non-tactile-16-go-1-to-ssd-windows-11-home-gris-islande-24-mois-67405241.html,https://ma.jumia.is/unsafe/fit-in/300x300/filters:fill(white)/product/14/250476/1.jpg?3101,asus zenbook,1,False,2026-04-17 12:00:50,Asus,16.0,1000.0,milieu_de_gamme,4.12862540487595,840.4375,0.3411724137931034,0.2761486381515463,2,Premium,False,normal,False,0.4688,normal,True,-0.6627
Asus PC portable Vivobook X1502VA -I7 - 16Go -1To SSD -W11H,13733.0,Asus,Jumia,https://www.jumia.ma/pc-portable-vivobook-x1502va-i7-16go-1to-ssd-w11h-asus-mpg1572858.html,https://ma.jumia.is/unsafe/fit-in/300x300/filters:fill(white)/product/88/454676/1.jpg?6033,pc portable,32,False,2026-04-17 11:38:27,Asus,16.0,1000.0,milieu_de_gamme,4.137765420057343,858.3125,0.3608965517241379,0.28881892255016645,2,Premium,False,normal,False,0.4891,normal,True,-0.6677
Asus PC portable Vivobook S15 16Go -1To SSD- Wins11,15258.0,Asus,Jumia,https://www.jumia.ma/pc-portable-vivobook-s15-16go-1to-ssd-wins11-asus-mpg1564356.html,https://ma.jumia.is/unsafe/fit-in/300x300/filters:fill(white)/product/34/668576/1.jpg?2620,pc portable,34,False,2026-04-17 11:38:35,Asus,16.0,1000.0,haut_de_gamme,4.183497610559352,953.625,0.46606896551724136,0.3522148631840486,2,Premium,False,normal,False,0.5904,normal,True,-0.6723
DELL Latitude 7340-i5 1345u-32GB-512G SSD-Win11pro-Azerty-Garantie 24 Mois-Gris,15610.0,DELL,Jumia,https://www.jumia.ma/dell-latitude-7340-i5-1345u-32gb-512g-ssd-win11pro-azerty-garantie-24-mois-gris-64922700.html,https://ma.jumia.is/unsafe/fit-in/300x300/filters:fill(white)/product/00/722946/1.jpg?3405,pc portable dell,3,False,2026-04-17 11:51:08,Dell,32.0,,haut_de_gamme,4.193402903062418,487.8125,0.4903448275862069,0.3659460081082778,0,Haut de gamme,False,normal,False,0.6124,normal,True,-0.623
"Hp Ordinateur Tout-En-Un -23,8″ - 16 Go DDR5 + SSD 1 To rapide - Intel® Core™ Ultra 7, IA Boost, 12 cœurs - 24-Cr2015Nk (Bh5C2Ea)",16055.0,Hp,Jumia,https://www.jumia.ma/hp-ordinateur-tout-en-un-238-16-go-ddr5-ssd-1-to-rapide-intelr-coretm-ultra-7-ia-boost-12-coeurs-24-cr2015nk-bh5c2ea-67276473.html,https://ma.jumia.is/unsafe/fit-in/300x300/filters:fill(white)/product/37/467276/1.jpg?3170,ordinateur portable,37,False,2026-04-17 11:41:57,HP,16.0,1000.0,haut_de_gamme,4.2056103099025215,1003.4375,0.5210344827586207,0.38286844350517535,2,Premium,False,normal,False,0.6395,normal,True,-0.6737
Lenovo Legion Go S 32GB 1TB,16227.0,Lenovo,Jumia,https://www.jumia.ma/lenovo-legion-go-s-32gb-1tb-67089125.html,https://ma.jumia.is/unsafe/fit-in/300x300/filters:fill(white)/product/52/198076/1.jpg?4184,lenovo legion,1,True,2026-04-17 11:57:39,Lenovo,32.0,,haut_de_gamme,4.210238236161727,507.09375,0.532896551724138,0.38928387506806283,0,Haut de gamme,False,normal,False,0.6497,normal,True,-0.6226
Asus PC Portable ZENBOOK UX3407QA14 OLED 16 Go 1 To SSD W11H,17364.0,Asus,Jumia,https://www.jumia.ma/pc-portable-zenbook-ux3407qa14-oled-16-go-1-to-ssd-w11h-asus-mpg1563649.html,https://ma.jumia.is/unsafe/fit-in/300x300/filters:fill(white)/product/18/568576/1.jpg?2534,pc portable,28,False,2026-04-17 11:38:11,Asus,16.0,1000.0,haut_de_gamme,4.239649777166663,1085.25,0.6113103448275862,0.43005542541437614,2,Premium,False,normal,False,0.7149,normal,True,-0.6756
Hp Pc portable ELITEBOOK 8 FLIP G1i 13 U7 255U 32Gb 512G,18000.0,Hp,Jumia,https://www.jumia.ma/hp-pc-portable-elitebook-8-flip-g1i-13-u7-255u-32gb-512g-67715557.html,https://ma.jumia.is/unsafe/fit-in/300x300/filters:fill(white)/product/75/551776/1.jpg?0915,pc portable,39,False,2026-04-17 11:38:55,HP,32.0,,haut_de_gamme,4.2552725051033065,562.5,0.6551724137931034,0.45171232664606414,0,Haut de gamme,False,normal,False,0.7496,normal,True,-0.6252
"DELL Ordinateur portable Latitude 7640 i7 i7-1365U 32 Go LPDDR5-SDRAM 1 To SSD Full HD 16"" QWERTY",19200.0,DELL,Jumia,https://www.jumia.ma/dell-ordinateur-portable-latitude-7640-i7-i7-1365u-32-go-lpddr5-sdram-1-to-ssd-full-hd-16-qwerty-65660652.html,https://ma.jumia.is/unsafe/fit-in/300x300/filters:fill(white)/product/25/606656/1.jpg?0685,ordinateur portable,47,False,2026-04-17 11:42:35,Dell,32.0,1000.0,haut_de_gamme,4.283301228703549,600.0,0.7379310344827587,0.4905669556917992,2,Premium,False,normal,False,0.8117,normal,True,-0.7457
Asus PC Portable ZenBook 14 -U7 -32GB -2TB SSD -W11,26127.0,Asus,Jumia,https://www.jumia.ma/pc-portable-zenbook-14-u7-32gb-2tb-ssd-w11-asus-mpg1572006.html,https://ma.jumia.is/unsafe/fit-in/300x300/filters:fill(white)/product/09/454676/1.jpg?6068,pc portable,41,False,2026-04-17 11:39:03,Asus,32.0,,premium,4.417089545270999,816.46875,1.2156551724137932,0.6760301071724683,0,Haut de gamme,False,normal,False,1.1084,normal,True,-0.6425
Lenovo Pc Portable ThinkPad X9 U7 -32GB -1TB SSD -W11,26689.0,Lenovo,Jumia,https://www.jumia.ma/pc-portable-thinkpad-x9-u7-32gb-1tb-ssd-w11-lenovo-mpg1564797.html,https://ma.jumia.is/unsafe/fit-in/300x300/filters:fill(white)/product/50/678576/1.jpg?9707,pc portable,50,False,2026-04-17 11:39:40,Lenovo,32.0,,premium,4.426332301677428,834.03125,1.2544137931034482,0.688842815901338,0,Haut de gamme,False,normal,False,1.1288,normal,True,-0.6433
Lenovo PC Portable ThinkPad T14s Gen 6 U7- 32 Go -1To SSD -W11P,26926.0,Lenovo,Jumia,https://www.jumia.ma/pc-portable-thinkpad-t14s-gen-6-u7-32-go-1to-ssd-w11p-lenovo-mpg1564964.html,https://ma.jumia.is/unsafe/fit-in/300x300/filters:fill(white)/product/59/032576/1.jpg?5990,pc portable,39,False,2026-04-17 11:38:55,Lenovo,32.0,1000.0,premium,4.430171841456267,841.4375,1.2707586206896553,0.6941653520232407,2,Premium,False,normal,False,1.1374,normal,True,-0.7502
DELL PC Portable Pro 16 Plus U7- 32 Go -512 Go SSD -W11P,28823.0,DELL,Jumia,https://www.jumia.ma/pc-portable-pro-16-plus-u7-32-go-512-go-ssd-w11p-dell-mpg1564410.html,https://ma.jumia.is/unsafe/fit-in/300x300/filters:fill(white)/product/36/442576/1.jpg?6548,pc portable,40,False,2026-04-17 11:38:59,Dell,32.0,512.0,premium,4.459739181739559,900.71875,1.4015862068965517,0.7351528780683579,1,Milieu de gamme,False,normal,False,1.2029,normal,True,-0.6829
Lenovo Pc Portable THNKPAD X9 U7 -32GB -1TB SSD -W11,28941.0,Lenovo,Jumia,https://www.jumia.ma/pc-portable-thnkpad-x9-u7-32gb-1tb-ssd-w11-lenovo-mpg1572426.html,https://ma.jumia.is/unsafe/fit-in/300x300/filters:fill(white)/product/30/554676/1.jpg?6089,pc portable,44,False,2026-04-17 11:39:15,Lenovo,32.0,,premium,4.461513533243928,904.40625,1.4097241379310346,0.7376125608738353,0,Haut de gamme,False,normal,False,1.2068,normal,True,-0.6438
Asus PC Portable Zenbook DUO 14'' U9- 32Go -2To SSD -W11H,38612.0,Asus,Jumia,https://www.jumia.ma/pc-portable-zenbook-duo-14-u9-32go-2to-ssd-w11h-asus-mpg1565141.html,https://ma.jumia.is/unsafe/fit-in/300x300/filters:fill(white)/product/95/442576/1.jpg?6541,pc portable,15,False,2026-04-17 11:37:07,Asus,32.0,2000.0,premium,4.586722297518069,1206.625,2.0766896551724137,0.9111823658543405,3,Cluster 6,False,normal,False,1.4845,normal,True,-0.7822
Asus PC Portable GAMER ROG -U9 -32GB -1TB SSD -W11,42582.0,Asus,Jumia,https://www.jumia.ma/pc-portable-gamer-rog-u9-32gb-1tb-ssd-w11-asus-mpg1585006.html,https://ma.jumia.is/unsafe/fit-in/300x300/filters:fill(white)/product/62/924676/1.jpg?1707,pc portable,40,True,2026-04-17 11:38:59,Asus,32.0,,premium,4.629226055612531,1330.6875,2.35048275862069,0.9701029138380407,0,Haut de gamme,True,trop_haut,False,1.5787,normal,True,-0.6615
Hp PC Portable EliteBook X G1i 14 U7- 16Go -512Go SSD -W11P,47459.0,Hp,Jumia,https://www.jumia.ma/pc-portable-elitebook-x-g1i-14-u7-16go-512go-ssd-w11p-hp-mpg1572411.html,https://ma.jumia.is/unsafe/fit-in/300x300/filters:fill(white)/product/58/454676/1.jpg?6029,pc portable,16,False,2026-04-17 11:37:12,HP,16.0,512.0,premium,4.676318583037297,2966.1875,2.6868275862068964,1.0353846123560406,1,Milieu de gamme,True,trop_haut,False,1.6831,normal,True,-0.6251
Asus PC portable Gaming ROG Zephyrus G16 U9 -32Go -1To SSD -W11H,53012.0,Asus,Jumia,https://www.jumia.ma/pc-portable-gaming-rog-zephyrus-g16-u9-32go-1to-ssd-w11h-asus-mpg1572718.html,https://ma.jumia.is/unsafe/fit-in/300x300/filters:fill(white)/product/59/454676/1.jpg?6076,pc portable,32,True,2026-04-17 11:38:27,Asus,32.0,1000.0,premium,4.7243741892967686,1656.625,3.069793103448276,1.1020013724129811,2,Premium,True,trop_haut,False,1.7897,normal,True,-0.7681
Asus PC Portable Gaming ROG STRIX U9- 32Go 1To SSD- W11H,57864.0,Asus,Jumia,https://www.jumia.ma/pc-portable-gaming-rog-strix-u9-32go-1to-ssd-w11h-asus-mpg1562568.html,https://ma.jumia.is/unsafe/fit-in/300x300/filters:fill(white)/product/02/132576/1.jpg?6027,pc portable,13,True,2026-04-17 11:36:57,Asus,32.0,1000.0,premium,4.762408452089059,1808.25,3.404413793103448,1.1547261126794148,2,Premium,True,trop_haut,False,1.874,normal,True,-0.7707
Hp barrette mémoire dimm 4gb ddr4 3200 mhz pc bureau (13l78aa),76100.0,Hp,Jumia,https://www.jumia.ma/hp-barrette-memoire-dimm-4gb-ddr4-3200-mhz-pc-bureau-13l78aa-65311420.html,https://ma.jumia.is/unsafe/fit-in/300x300/filters:fill(white)/product/02/411356/1.jpg?9934,pc bureau,9,False,2026-04-17 12:04:51,HP,4.0,,premium,4.881384656770573,19025.0,4.662068965517242,1.3196560739613339,0,Haut de gamme,True,trop_haut,False,2.1378,normal,True,-0.6249
DELL barrette mémoire so-dimm 4gb ddr4 2666mhz pc bureau (aa086413),77900.0,DELL,Jumia,https://www.jumia.ma/dell-barrette-memoire-so-dimm-4gb-ddr4-2666mhz-pc-bureau-aa086413-65311489.html,https://ma.jumia.is/unsafe/fit-in/300x300/filters:fill(white)/product/98/411356/1.jpg?9944,pc bureau,9,False,2026-04-17 12:04:51,Dell,4.0,,premium,4.891537457672564,19475.0,4.786206896551724,1.333730325734207,0,Haut de gamme,True,trop_haut,False,2.1603,normal,True,-0.6243
Lenovo PC BUREAU ThinkCentre M73-INTEL Celeron -RAM 4G-250 Go - REMIS A NEUF,90000.0,Lenovo,Jumia,https://www.jumia.ma/lenovo-pc-bureau-thinkcentre-m73-intel-celeron-ram-4g-250-go-remis-a-neuf-61402120.html,https://ma.jumia.is/unsafe/fit-in/300x300/filters:fill(white)/product/02/120416/1.jpg?8244,desktop pc,19,False,2026-04-17 12:02:37,Lenovo,4.0,,premium,4.954242509439325,22500.0,5.620689655172414,1.4206547808196326,0,Haut de gamme,True,trop_haut,False,2.2993,normal,True,-0.6373
DELL barrette mémoire u-dimm 4gb ddr4 2666 mhz pc bureau (aa086414),96200.0,DELL,Jumia,https://www.jumia.ma/dell-barrette-memoire-u-dimm-4gb-ddr4-2666-mhz-pc-bureau-aa086414-65311108.html,https://ma.jumia.is/unsafe/fit-in/300x300/filters:fill(white)/product/80/111356/1.jpg?9893,pc bureau,8,False,2026-04-17 12:04:47,Dell,4.0,,premium,4.983175072037813,24050.0,6.048275862068966,1.4607623505805696,0,Haut de gamme,True,trop_haut,False,2.3635,normal,True,-0.655
Samsung RAM PC PORTABLE DDR4 16GB 2Rx8 2666V,98000.0,Samsung,Jumia,https://www.jumia.ma/samsung-ram-pc-portable-ddr4-16gb-2rx8-2666v-67645703.html,https://ma.jumia.is/unsafe/fit-in/300x300/filters:fill(white)/product/30/754676/1.jpg?3512,pc portable,31,False,2026-04-17 11:38:23,Samsung,16.0,,premium,4.991226075692495,6125.0,6.172413793103448,1.4719230000953343,0,Haut de gamme,True,trop_haut,False,2.3813,normal,True,-0.6488
HyperX RAM PC Portable 16GB DDR4 3200Mhz Pour Ordinateur Portable Mémoire Vive RAM,99000.0,HyperX,Jumia,https://www.jumia.ma/hyperx-ram-pc-portable-16gb-ddr4-3200mhz-pour-ordinateur-portable-memoire-vive-ram-64333535.html,https://ma.jumia.is/unsafe/fit-in/300x300/filters:fill(white)/product/53/533346/1.jpg?7026,pc portable,34,False,2026-04-17 11:38:35,Hyperx,16.0,,premium,4.99563519459755,6187.5,6.241379310344827,1.4780351114393182,0,Haut de gamme,True,trop_haut,False,2.3911,normal,True,-0.6514
HyperX Original RAM PC Portable 16GB DDR4 3200Mhz Pour Ordinateur Portable,99000.0,HyperX,Jumia,https://www.jumia.ma/hyperx-original-ram-pc-portable-16gb-ddr4-3200mhz-pour-ordinateur-portable-64646382.html,https://ma.jumia.is/unsafe/fit-in/300x300/filters:fill(white)/product/28/364646/1.jpg?5144,pc portable,13,False,2026-04-17 11:36:57,Hyperx,16.0,,premium,4.99563519459755,6187.5,6.241379310344827,1.4780351114393182,0,Haut de gamme,True,trop_haut,False,2.3911,normal,True,-0.6514
